eventCode,matchLevel,matchNumber,match_key,robot,teamNumber,autoStartingLocation,taxi,autoUpper,autoLower,autoPickedUpCargo,upper,lower,wasDefended,wallbot,pickupLoc,shootingLocations,climb,climbBeforeEndgame,defenseRating,heldCargo,speedRating,diedOrTipped,comments,autoCargo,autoScore,teleopCargo,teleopScore,totalCargo,taxiScore,autoUpperScore,autoLowerScore,upperScore,lowerScore,climbScore,endgameScore,totalScore,climbLevel,wasDefendedMetric,diedMetric,heldCargoMetric
2022ilch,qm,1,2022ilch_qm1,r1,8802,18,Y,0,0,N,0,0,N,N,x,,x,N,a,N,4,Y,Leaf blower,0,0,0,0,0,2,0,0,0,0,0,0,2,0,0,1,0
2022ilch,qm,1,2022ilch_qm1,b1,7460,29,Y,1,0,N,5,0,Y,N,g,"[41,54,54,57,57,17,17,21,8]",4,N,x,N,3,N,Climber took 31 sec,1,4,5,10,6,2,4,0,10,0,15,15,31,4,1,0,0
2022ilch,qm,1,2022ilch_qm1,b2,2830,29,Y,1,0,Y,8,0,N,Y,b,"[16,30,54,57,43,31,31]",2,N,x,N,4,N,,1,4,8,16,9,2,4,0,16,0,6,6,28,2,0,0,0
2022ilch,qm,1,2022ilch_qm1,r3,8880,41,N,0,0,N,1,0,N,N,g,"[15,27,27]",2,N,g,N,1,N,Very slow. Robot is restricting the driver skill ,0,0,1,2,1,0,0,0,2,0,6,6,8,2,0,0,0
2022ilch,qm,1,2022ilch_qm1,b3,111,41,Y,5,0,N,7,1,Y,N,b,"[18,33,21,57,20,20]",x,N,a,N,5,N,Tipped robot over?,5,20,8,15,13,2,20,0,14,1,0,0,37,0,1,0,0
2022ilch,qm,1,2022ilch_qm1,r2,3734,19,Y,1,0,Y,4,0,N,N,g,"[10,34,34,33,34,34,34,33,46,46,46]",1,N,x,N,3,N,Did not leave themselves enough time to climb,1,4,4,8,5,2,4,0,8,0,4,4,18,1,0,0,0
2022ilch,qm,2,2022ilch_qm2,r1,101,44,Y,0,0,N,0,0,N,N,x,,x,N,b,N,2,Y,auton bumped into wall and robot died for a sec,0,0,0,0,0,2,0,0,0,0,0,0,2,0,0,1,0
2022ilch,qm,2,2022ilch_qm2,b1,8029,29,Y,1,0,N,0,0,N,N,x,,2,N,b,N,3,N,"Intake broke, and driver took 30 sec to change strategy",1,4,0,0,1,2,4,0,0,0,6,6,12,2,0,0,0
2022ilch,qm,2,2022ilch_qm2,r3,4241,29,Y,0,0,N,0,0,Y,N,x,[28],x,N,a,N,3,N,Pretty slow. Wandered around field ,0,0,0,0,0,2,0,0,0,0,0,0,2,0,1,0,0
2022ilch,qm,2,2022ilch_qm2,b2,8868,29,Y,0,0,N,0,0,N,N,x,,x,N,e,N,4,N,Defense bot ,0,0,0,0,0,2,0,0,0,0,0,0,2,0,0,0,0
2022ilch,qm,2,2022ilch_qm2,b3,2451,54,Y,5,0,N,2,0,Y,N,b,"[66,53]",3,Y,g,N,4,N,Intake was not functioning properly ,5,20,2,4,7,2,20,0,4,0,10,10,36,3,1,0,0
2022ilch,qm,2,2022ilch_qm2,r2,112,31,N,0,0,N,4,1,Y,N,g,"[19,7,7,45,45,58,57]",3,N,x,N,3,N,Easily defended. If u have a good D driver,0,0,5,9,5,0,0,0,8,1,10,10,19,3,1,0,0
2022ilch,qm,3,2022ilch_qm3,r1,2022,20,Y,1,0,Y,0,0,N,Y,x,,x,N,x,N,3,Y,died at the beginning and never got back up,1,4,0,0,1,2,4,0,0,0,0,0,6,0,0,1,0
2022ilch,qm,3,2022ilch_qm3,b1,3061,54,Y,5,0,Y,3,0,N,N,b,"[8,21]",3,N,a,N,5,N,Held 3 balls during auto,5,20,3,6,8,2,20,0,6,0,10,10,38,3,0,0,0
2022ilch,qm,3,2022ilch_qm3,r2,2220,19,Y,1,0,Y,2,0,Y,N,g,"[33,33,57,57]",4,N,x,N,3,N,Shooter not accurate,1,4,2,4,3,2,4,0,4,0,15,15,25,4,1,0,0
2022ilch,qm,3,2022ilch_qm3,b2,6651,41,N,0,0,N,2,0,N,N,g,"[64,51,65,28,45,67]",x,N,x,N,3,N,,0,0,2,4,2,0,0,0,4,0,0,0,4,0,0,0,0
2022ilch,qm,3,2022ilch_qm3,r3,5847,29,Y,0,0,Y,2,1,Y,N,g,"[27,15,34,29]",3,N,g,N,3,N,Decent shooter. Good climb ,0,0,3,5,3,2,0,0,4,1,10,10,17,3,1,0,0
2022ilch,qm,3,2022ilch_qm3,b3,1781,18,Y,0,0,N,5,0,Y,N,b,"[29,29,42,54,42,30]",4,N,e,Y,3,N,Good defensive tactics,0,0,5,10,5,2,0,0,10,0,15,15,27,4,1,0,1
2022ilch,qm,4,2022ilch_qm4,r1,2062,56,Y,0,0,Y,4,0,Y,N,g,"[56,17,53,7]",2,N,x,N,3,N,"unstable, driving isnt very smooth",0,0,4,8,4,2,0,0,8,0,6,6,16,2,1,0,0
2022ilch,qm,4,2022ilch_qm4,r2,4645,19,N,0,0,N,0,0,N,Y,x,,x,N,x,N,2,Y,"Shooter didn't work, didn't intake balls consistently",0,0,0,0,0,0,0,0,0,0,0,0,0,0,0,1,0
2022ilch,qm,4,2022ilch_qm4,b2,3488,30,Y,1,0,N,1,3,N,Y,g,"[42,42,54,42,30,30,31,21,30]",x,N,x,N,4,N,,1,4,4,5,5,2,4,0,2,3,0,0,11,0,0,0,0
2022ilch,qm,4,2022ilch_qm4,r3,7237,42,N,0,0,N,0,0,N,N,x,,x,N,x,N,3,Y,Had communication problems with robot ,0,0,0,0,0,0,0,0,0,0,0,0,0,0,0,1,0
2022ilch,qm,4,2022ilch_qm4,b1,6381,42,Y,0,0,Y,6,0,N,Y,x,"[30,29,29,29,29,29,29,29,30,29,30]",1,N,x,N,2,N,Mech wheels,0,0,6,12,6,2,0,0,12,0,4,4,18,1,0,0,0
2022ilch,qm,4,2022ilch_qm4,b3,3695,55,Y,0,0,N,6,0,N,N,b,"[19,44,44,20,20,29,29]",3,N,a,N,1,N,"Slow robot overall, average shooter",0,0,6,12,6,2,0,0,12,0,10,10,24,3,0,0,0
2022ilch,qm,5,2022ilch_qm5,b1,5553,30,Y,1,0,N,1,1,N,N,x,"[54,64,50]",2,Y,x,N,3,N,,1,4,2,3,3,2,4,0,2,1,6,6,15,2,0,0,0
2022ilch,qm,5,2022ilch_qm5,b3,2338,54,Y,2,0,N,14,0,N,N,b,"[43,29,53,29,29,30,39,42,54]",4,N,a,N,3,N,Great cargo shooter,2,8,14,28,16,2,8,0,28,0,15,15,53,4,0,0,0
2022ilch,qm,5,2022ilch_qm5,b2,3352,42,Y,0,1,N,1,0,N,N,g,[22],x,N,x,N,3,N,"Intake broke, didnt play defense ",1,2,1,2,2,2,0,2,2,0,0,0,6,0,0,0,0
2022ilch,qm,5,2022ilch_qm5,r1,4145,44,Y,1,0,N,3,0,N,N,g,"[43,43,53,46]",a,Y,x,N,4,N,fell off high rung bc got bumped into,1,4,3,6,4,2,4,0,6,0,0,0,12,0,0,0,0
2022ilch,qm,5,2022ilch_qm5,r2,5822,31,Y,0,0,N,0,7,N,N,g,"[31,31,31,31,19,19,31,31,31]",x,N,x,N,2,Y,Died during climbing,0,0,7,7,7,2,0,0,0,7,0,0,9,0,0,1,0
2022ilch,qm,5,2022ilch_qm5,r3,48,42,Y,4,0,Y,5,0,Y,N,g,"[21,28,38,52]",2,N,a,N,3,N,Fast. Good auto. Pretty fast ,4,16,5,10,9,2,16,0,10,0,6,6,34,2,1,0,0
2022ilch,qm,6,2022ilch_qm6,r1,8122,54,Y,1,0,N,4,1,N,N,g,"[54,5,20,15,29,17,17,29,19]",2,N,x,N,2,N,,1,4,5,9,6,2,4,0,8,1,6,6,21,2,0,0,0
2022ilch,qm,6,2022ilch_qm6,b1,3067,29,Y,0,0,N,0,6,N,Y,g,"[31,31,31]",2,N,x,N,1,N,No limelight,0,0,6,6,6,2,0,0,0,6,6,6,14,2,0,0,0
2022ilch,qm,6,2022ilch_qm6,b3,5934,55,Y,0,1,Y,0,5,Y,N,b,"[30,30,44,30]",a,Y,a,Y,3,N,Seems to have a good climber ,1,2,5,5,6,2,0,2,0,5,0,0,9,0,1,0,1
2022ilch,qm,6,2022ilch_qm6,r2,8096,29,Y,2,0,Y,0,0,N,Y,g,[19],2,N,g,N,3,N,"Good defense, tried to shoot but failed",2,8,0,0,2,2,8,0,0,0,6,6,16,2,0,0,0
2022ilch,qm,6,2022ilch_qm6,r3,2358,29,Y,1,0,N,2,0,Y,Y,g,"[30,30,28,17]",4,N,a,N,3,N,Super fast traversal climb,1,4,2,4,3,2,4,0,4,0,15,15,25,4,1,0,0
2022ilch,qm,6,2022ilch_qm6,b2,5125,30,Y,0,2,Y,0,4,Y,Y,x,"[30,30,29,30,54,54,43]",2,N,x,N,4,N,,2,4,4,4,6,2,0,4,0,4,6,6,16,2,1,0,0
2022ilch,qm,7,2022ilch_qm7,b1,1739,30,Y,0,1,N,0,6,N,Y,g,[30],2,N,x,N,3,N,,1,2,6,6,7,2,0,2,0,6,6,6,16,2,0,0,0
2022ilch,qm,7,2022ilch_qm7,r1,2151,41,Y,0,0,N,0,0,N,N,g,,x,N,x,N,1,Y,,0,0,0,0,0,2,0,0,0,0,0,0,2,0,0,1,0
2022ilch,qm,7,2022ilch_qm7,b2,4292,42,Y,0,0,N,0,0,N,N,x,,x,N,g,N,4,Y,Was a good def bot; drivetrain died,0,0,0,0,0,2,0,0,0,0,0,0,2,0,0,1,0
2022ilch,qm,7,2022ilch_qm7,r2,1625,19,Y,0,0,Y,4,0,N,N,g,"[45,45,20,6,6,28]",3,Y,x,N,4,N,Had 10 sec left in climb,0,0,4,8,4,2,0,0,8,0,10,10,20,3,0,0,0
2022ilch,qm,7,2022ilch_qm7,r3,677,30,Y,1,0,Y,0,1,Y,N,g,"[20,33,32,22]",x,N,a,N,3,N,Meh,1,4,1,1,2,2,4,0,0,1,0,0,7,0,1,0,0
2022ilch,qm,7,2022ilch_qm7,b3,4702,17,Y,0,0,N,0,0,N,N,g,[17],2,Y,b,Y,1,N,Shooter seems to be non functional ,0,0,0,0,0,2,0,0,0,0,6,6,8,2,0,0,1
2022ilch,qm,8,2022ilch_qm8,b1,1732,54,Y,2,0,Y,16,0,Y,N,b,,x,N,x,N,5,N,,2,8,16,32,18,2,8,0,32,0,0,0,42,0,1,0,0
2022ilch,qm,8,2022ilch_qm8,r1,3110,41,Y,0,0,N,0,0,N,N,x,,x,N,b,N,1,Y,,0,0,0,0,0,2,0,0,0,0,0,0,2,0,0,1,0
2022ilch,qm,8,2022ilch_qm8,b2,4787,30,Y,0,1,N,0,0,N,N,g,,a,N,g,N,3,N,,1,2,0,0,1,2,0,2,0,0,0,0,4,0,0,0,0
2022ilch,qm,8,2022ilch_qm8,r2,4096,19,N,0,0,N,0,0,N,N,g,"[21,21,16,16]",a,N,a,N,4,N,"Shooter didn't work, auto didn't either",0,0,0,0,0,0,0,0,0,0,0,0,0,0,0,0,0
2022ilch,qm,8,2022ilch_qm8,b3,3061,54,Y,0,0,N,8,0,N,N,g,"[45,56,44,33,46,44,45]",3,N,g,N,5,N,Good shooter and great speed,0,0,8,16,8,2,0,0,16,0,10,10,28,3,0,0,0
2022ilch,qm,8,2022ilch_qm8,r3,7560,17,N,0,1,N,0,0,N,N,x,[29],x,N,x,N,3,N,Robot died in auto. Didnt move entire match,1,2,0,0,1,0,0,2,0,0,0,0,2,0,0,0,0
2022ilch,qm,9,2022ilch_qm9,b2,2022,54,N,0,0,N,0,0,N,N,x,,x,N,x,N,1,Y,Dead from start  ,0,0,0,0,0,0,0,0,0,0,0,0,0,0,0,1,0
2022ilch,qm,9,2022ilch_qm9,b1,101,29,Y,0,0,N,0,0,N,N,x,,x,N,b,N,5,N,,0,0,0,0,0,2,0,0,0,0,0,0,2,0,0,0,0
2022ilch,qm,9,2022ilch_qm9,r1,5847,41,Y,0,0,N,6,0,N,N,g,"[53,15,6,6,53]",a,N,x,N,2,N,,0,0,6,12,6,2,0,0,12,0,0,0,14,0,0,0,0
2022ilch,qm,9,2022ilch_qm9,r2,7460,44,Y,1,0,N,5,0,N,N,g,"[45,45,66,66,40,40,45,45]",4,Y,x,N,2,N,Pink suit :),1,4,5,10,6,2,4,0,10,0,15,15,31,4,0,0,0
2022ilch,qm,9,2022ilch_qm9,r3,6381,42,Y,2,0,Y,5,0,N,N,g,"[44,19,29,41]",2,N,a,N,3,N,,2,8,5,10,7,2,8,0,10,0,6,6,26,2,0,0,0
2022ilch,qm,9,2022ilch_qm9,b3,8868,17,Y,0,0,N,0,0,N,N,x,"[30,29,28]",x,N,b,N,2,N,,0,0,0,0,0,2,0,0,0,0,0,0,2,0,0,0,0
2022ilch,qm,10,2022ilch_qm10,b1,2451,54,Y,3,0,Y,4,0,Y,N,b,,x,N,x,N,4,N,,3,12,4,8,7,2,12,0,8,0,0,0,22,0,1,0,0
2022ilch,qm,10,2022ilch_qm10,b2,4241,41,Y,1,0,Y,1,0,N,N,g,,3,N,x,N,3,N,,1,4,1,2,2,2,4,0,2,0,10,10,18,3,0,0,0
2022ilch,qm,10,2022ilch_qm10,r2,5553,31,Y,1,0,N,1,0,Y,N,g,"[23,23]",2,N,x,N,2,N,,1,4,1,2,2,2,4,0,2,0,6,6,14,2,1,0,0
2022ilch,qm,10,2022ilch_qm10,r1,2062,18,Y,1,0,N,0,0,N,N,x,,x,N,g,N,4,N,,1,4,0,0,1,2,4,0,0,0,0,0,6,0,0,0,0
2022ilch,qm,10,2022ilch_qm10,b3,2830,18,Y,2,0,N,3,0,Y,N,x,"[17,29,44]",x,N,a,N,3,N,,2,8,3,6,5,2,8,0,6,0,0,0,16,0,1,0,0
2022ilch,qm,10,2022ilch_qm10,r3,6651,54,N,0,0,N,0,0,N,Y,g,,2,N,a,N,2,N,Didnt shoot. Wandered around field,0,0,0,0,0,0,0,0,0,0,6,6,6,2,0,0,0
2022ilch,qm,11,2022ilch_qm11,r2,8029,32,Y,0,0,N,0,1,N,N,x,"[34,34]",x,N,x,N,3,Y,Lost power.,0,0,1,1,1,2,0,0,0,1,0,0,3,0,0,1,0
2022ilch,qm,11,2022ilch_qm11,b2,8122,30,Y,1,0,N,4,2,N,N,x,,2,N,x,N,4,N,,1,4,6,10,7,2,4,0,8,2,6,6,22,2,0,0,0
2022ilch,qm,11,2022ilch_qm11,b3,8880,41,Y,1,0,N,2,1,N,N,b,"[52,65,53,52,53,39]",2,N,a,N,3,N,,1,4,3,5,4,2,4,0,4,1,6,6,17,2,0,0,0
2022ilch,qm,11,2022ilch_qm11,r1,5822,42,N,0,1,N,0,8,N,Y,g,"[42,42,42,42,42]",4,Y,b,N,2,N,,1,2,8,8,9,0,0,2,0,8,15,15,25,4,0,0,0
2022ilch,qm,11,2022ilch_qm11,r3,3695,18,Y,0,0,Y,4,1,N,N,g,"[20,29,6,6,28]",3,N,x,N,2,N,,0,0,5,9,5,2,0,0,8,1,10,10,21,3,0,0,0
2022ilch,qm,12,2022ilch_qm12,r2,5934,44,Y,0,2,Y,0,3,Y,N,g,"[44,44,29,29]",3,Y,x,N,3,N,Climbed at 50 sec,2,4,3,3,5,2,0,4,0,3,10,10,19,3,1,0,0
2022ilch,qm,12,2022ilch_qm12,r1,4292,29,Y,0,0,N,0,1,N,N,g,[30],x,N,b,N,2,N,,0,0,1,1,1,2,0,0,0,1,0,0,3,0,0,0,0
2022ilch,qm,12,2022ilch_qm12,b3,8802,17,Y,0,0,N,0,0,Y,N,x,,2,N,e,Y,5,N,"Only defends, does not shoot ",0,0,0,0,0,2,0,0,0,0,6,6,8,2,1,0,1
2022ilch,qm,12,2022ilch_qm12,b1,7237,54,N,0,1,N,0,0,N,N,g,,x,N,b,N,3,Y,,1,2,0,0,1,0,0,2,0,0,0,0,2,0,0,1,0
2022ilch,qm,12,2022ilch_qm12,b2,1739,42,Y,0,1,N,0,9,N,N,x,,x,N,x,N,3,N,,1,2,9,9,10,2,0,2,0,9,0,0,13,0,0,0,0
2022ilch,qm,12,2022ilch_qm12,r3,1781,54,Y,2,0,Y,5,0,Y,Y,g,"[29,42,42]",4,N,x,N,4,N,Solid shooter. Great climber,2,8,5,10,7,2,8,0,10,0,15,15,35,4,1,0,0
2022ilch,qm,13,2022ilch_qm13,b1,3352,42,Y,0,1,N,0,2,N,Y,g,,x,N,x,N,3,N,Mech wheels,1,2,2,2,3,2,0,2,0,2,0,0,6,0,0,0,0
2022ilch,qm,13,2022ilch_qm13,r2,2220,54,Y,2,0,Y,3,0,N,N,g,"[53,17,40]",4,N,x,N,3,N,,2,8,3,6,5,2,8,0,6,0,15,15,31,4,0,0,0
2022ilch,qm,13,2022ilch_qm13,b2,3067,29,Y,0,2,Y,0,6,N,N,g,,2,N,x,N,1,Y,Temporarily Died,2,4,6,6,8,2,0,4,0,6,6,6,18,2,0,1,0
2022ilch,qm,13,2022ilch_qm13,b3,112,54,Y,0,0,Y,9,1,Y,N,g,"[55,55,54,54,54,66,53,39,39,58,46]",2,N,g,N,4,N,"Good shooter, speedy",0,0,10,19,10,2,0,0,18,1,6,6,27,2,1,0,0
2022ilch,qm,13,2022ilch_qm13,r3,4096,18,Y,0,0,Y,5,0,Y,N,g,"[17,5,16,17,15]",a,N,a,N,3,N,Pretty good shooter. Played good defense. ,0,0,5,10,5,2,0,0,10,0,0,0,12,0,1,0,0
2022ilch,qm,14,2022ilch_qm14,r1,7560,17,N,0,0,N,0,0,N,N,x,,2,Y,b,N,1,N,,0,0,0,0,0,0,0,0,0,0,6,6,6,2,0,0,0
2022ilch,qm,14,2022ilch_qm14,b1,3734,53,Y,2,0,Y,2,0,N,N,g,"[56,45,56,53]",1,N,x,N,3,N,,2,8,2,4,4,2,8,0,4,0,4,4,18,1,0,0,0
2022ilch,qm,14,2022ilch_qm14,b2,677,54,Y,0,0,N,4,0,N,N,g,,x,N,x,N,3,N,,0,0,4,8,4,2,0,0,8,0,0,0,10,0,0,0,0
2022ilch,qm,14,2022ilch_qm14,r2,2338,19,Y,5,0,Y,2,0,Y,Y,g,"[31,19,45,45]",4,N,x,N,3,N,,5,20,2,4,7,2,20,0,4,0,15,15,41,4,1,0,0
2022ilch,qm,14,2022ilch_qm14,b3,8096,17,Y,2,0,N,0,0,Y,N,g,,2,N,e,N,4,N,Shooter does not seem to work,2,8,0,0,2,2,8,0,0,0,6,6,16,2,1,0,0
2022ilch,qm,14,2022ilch_qm14,r3,4645,29,N,0,0,N,0,0,N,N,x,,x,N,x,N,3,N,Drive team lost control of robot. Didnt move ,0,0,0,0,0,0,0,0,0,0,0,0,0,0,0,0,0
2022ilch,qm,15,2022ilch_qm15,r1,3488,54,Y,0,1,N,6,0,N,N,g,"[29,29,29]",2,N,x,N,2,N,,1,2,6,12,7,2,0,2,12,0,6,6,22,2,0,0,0
2022ilch,qm,15,2022ilch_qm15,b1,4702,29,Y,0,0,N,0,0,N,N,x,,x,N,x,N,3,Y,,0,0,0,0,0,2,0,0,0,0,0,0,2,0,0,1,0
2022ilch,qm,15,2022ilch_qm15,b2,1625,54,Y,2,0,Y,7,0,N,N,g,,4,Y,x,N,3,N,Climbed at 40,2,8,7,14,9,2,8,0,14,0,15,15,39,4,0,0,0
2022ilch,qm,15,2022ilch_qm15,r2,5125,44,Y,0,2,Y,0,5,Y,Y,g,"[42,42,31,31,31]",2,N,x,N,3,N,,2,4,5,5,7,2,0,4,0,5,6,6,17,2,1,0,0
2022ilch,qm,15,2022ilch_qm15,b3,3110,55,Y,0,0,N,4,0,Y,N,g,"[33,45]",2,N,b,N,3,N,,0,0,4,8,4,2,0,0,8,0,6,6,16,2,1,0,0
2022ilch,qm,15,2022ilch_qm15,r3,4145,29,Y,1,0,Y,4,0,Y,N,x,"[29,16,19]",a,N,x,N,5,N,Good shooter. Super fast. Possibly swerve drive,1,4,4,8,5,2,4,0,8,0,0,0,14,0,1,0,0
2022ilch,qm,16,2022ilch_qm16,b1,2062,29,Y,2,0,Y,2,0,N,Y,g,,2,N,x,N,3,N,,2,8,2,4,4,2,8,0,4,0,6,6,20,2,0,0,0
2022ilch,qm,16,2022ilch_qm16,r1,2358,29,Y,2,0,Y,4,0,N,N,g,"[30,30,30,30]",4,Y,x,N,3,N,,2,8,4,8,6,2,8,0,8,0,15,15,33,4,0,0,0
2022ilch,qm,16,2022ilch_qm16,b3,1732,55,Y,3,0,N,12,0,N,N,g,"[45,57,51,51,26,38,34,22,21,9,57]",3,N,g,N,4,N,Great shooter,3,12,12,24,15,2,12,0,24,0,10,10,48,3,0,0,0
2022ilch,qm,16,2022ilch_qm16,r3,6651,42,N,0,0,N,0,0,N,N,g,,a,N,x,N,3,N,,0,0,0,0,0,0,0,0,0,0,0,0,0,0,0,0,0
2022ilch,qm,16,2022ilch_qm16,b2,2151,41,Y,0,0,N,0,0,N,N,x,,x,N,x,N,3,N,dead ,0,0,0,0,0,2,0,0,0,0,0,0,2,0,0,0,0
2022ilch,qm,16,2022ilch_qm16,r2,48,32,Y,3,0,Y,7,0,N,N,g,"[45,33,33,66,66,56,45,46,5]",a,N,x,N,3,N,Limelight was acting up,3,12,7,14,10,2,12,0,14,0,0,0,28,0,0,0,0
2022ilch,qm,17,2022ilch_qm17,b1,3695,30,Y,2,0,Y,5,0,N,N,g,"[68,68,65]",3,N,x,N,3,N,,2,8,5,10,7,2,8,0,10,0,10,10,30,3,0,0,0
2022ilch,qm,17,2022ilch_qm17,r1,1739,18,Y,0,1,N,0,0,N,Y,g,[19],2,Y,b,N,3,N,,1,2,0,0,1,2,0,2,0,0,6,6,10,2,0,0,0
2022ilch,qm,17,2022ilch_qm17,b2,2451,54,Y,3,0,Y,11,0,N,N,g,"[21,20,18,28,41,54,57,33]",x,N,x,N,4,N,,3,12,11,22,14,2,12,0,22,0,0,0,36,0,0,0,0
2022ilch,qm,17,2022ilch_qm17,b3,5847,41,Y,1,0,N,4,0,N,N,g,"[15,40,40]",4,N,g,N,4,N,Great shooter and climber,1,4,4,8,5,2,4,0,8,0,15,15,29,4,0,0,0
2022ilch,qm,17,2022ilch_qm17,r2,5822,19,Y,0,1,N,0,8,N,N,g,"[19,19,31,31,19,19,19,19]",4,N,x,N,2,N,,1,2,8,8,9,2,0,2,0,8,15,15,27,4,0,0,0
2022ilch,qm,17,2022ilch_qm17,r3,5553,29,Y,0,0,N,5,0,N,N,g,"[53,50,52,28,38,51]",a,N,x,N,4,N,Good shooter. Made most shots,0,0,5,10,5,2,0,0,10,0,0,0,12,0,0,0,0
2022ilch,qm,18,2022ilch_qm18,b1,7460,18,Y,0,0,Y,3,0,N,N,g,"[54,54,27,18]",2,Y,x,N,3,N,,0,0,3,6,3,2,0,0,6,0,6,6,14,2,0,0,0
2022ilch,qm,18,2022ilch_qm18,r2,3061,19,Y,4,0,Y,8,0,N,N,g,"[7,7,21,21,45,66,67,65,66,66]",4,N,x,N,5,N,,4,16,8,16,12,2,16,0,16,0,15,15,49,4,0,0,0
2022ilch,qm,18,2022ilch_qm18,r1,4096,41,Y,0,0,N,0,0,N,N,x,,2,N,e,Y,5,N,Cheesy spin,0,0,0,0,0,2,0,0,0,0,6,6,8,2,0,0,1
2022ilch,qm,18,2022ilch_qm18,r3,6381,18,Y,1,0,Y,12,0,N,Y,g,"[30,19,30,30,30,30,30,31]",2,N,x,N,4,N,Great shooter ,1,4,12,24,13,2,4,0,24,0,6,6,36,2,0,0,0
2022ilch,qm,18,2022ilch_qm18,b2,4241,41,Y,0,0,Y,0,0,Y,N,g,,2,Y,x,N,3,N,Defended and missed all shots,0,0,0,0,0,2,0,0,0,0,6,6,8,2,1,0,0
2022ilch,qm,18,2022ilch_qm18,b3,8880,55,Y,1,0,N,1,0,Y,N,g,"[51,52,51,17,27]",1,N,g,N,3,N,,1,4,1,2,2,2,4,0,2,0,4,4,12,1,1,0,0
2022ilch,qm,19,2022ilch_qm19,r1,8868,44,Y,0,0,N,0,0,N,N,x,,x,N,x,N,3,Y,no climber,0,0,0,0,0,2,0,0,0,0,0,0,2,0,0,1,0
2022ilch,qm,19,2022ilch_qm19,b1,8122,18,Y,0,0,Y,3,0,Y,N,g,"[17,29,17,17,17,29,19,19,21]",a,N,x,N,3,N,,0,0,3,6,3,2,0,0,6,0,0,0,8,0,1,0,0
2022ilch,qm,19,2022ilch_qm19,r2,3067,44,Y,0,0,N,0,2,N,N,g,"[46,46,44,44]",x,N,x,N,1,N,,0,0,2,2,2,2,0,0,0,2,0,0,4,0,0,0,0
2022ilch,qm,19,2022ilch_qm19,b3,7237,41,Y,0,0,N,0,0,N,N,x,,x,N,x,N,3,Y,Robot stopped moving early in the match,0,0,0,0,0,2,0,0,0,0,0,0,2,0,0,1,0
2022ilch,qm,19,2022ilch_qm19,r3,2830,54,Y,4,0,Y,11,0,Y,Y,g,"[42,29,19,42,31,31,42,43,19]",2,N,x,N,4,N,,4,16,11,22,15,2,16,0,22,0,6,6,46,2,1,0,0
2022ilch,qm,19,2022ilch_qm19,b2,2338,42,Y,5,0,Y,8,0,N,N,g,,4,Y,x,N,4,N,,5,20,8,16,13,2,20,0,16,0,15,15,53,4,0,0,0
2022ilch,qm,20,2022ilch_qm20,r1,3352,31,Y,1,0,N,0,4,N,Y,g,"[43,43,31]",2,N,x,N,2,N,slow,1,4,4,4,5,2,4,0,0,4,6,6,16,2,0,0,0
2022ilch,qm,20,2022ilch_qm20,r2,7560,44,Y,0,0,N,0,0,N,N,x,,2,N,x,N,1,N,,0,0,0,0,0,2,0,0,0,0,6,6,8,2,0,0,0
2022ilch,qm,20,2022ilch_qm20,b3,3110,55,Y,0,0,N,0,0,Y,N,x,,x,N,b,N,4,N,Shooter did not seem to work ,0,0,0,0,0,2,0,0,0,0,0,0,2,0,1,0,0
2022ilch,qm,20,2022ilch_qm20,b1,677,29,Y,0,0,Y,1,0,Y,N,x,"[50,50,52,53,42]",x,N,x,N,3,N,,0,0,1,2,1,2,0,0,2,0,0,0,4,0,1,0,0
2022ilch,qm,20,2022ilch_qm20,r3,8802,29,Y,0,0,N,0,0,Y,N,x,,1,N,g,N,4,N,Good defense. ,0,0,0,0,0,2,0,0,0,0,4,4,6,1,1,0,0
2022ilch,qm,20,2022ilch_qm20,b2,8029,41,Y,0,0,N,1,0,N,N,g,,2,N,x,N,3,N,,0,0,1,2,1,2,0,0,2,0,6,6,10,2,0,0,0
2022ilch,qm,11,2022ilch_qm11,b1,111,19,N,5,0,Y,18,0,N,N,g,"[44,57,58,22,57,21,7,28,33,34]",4,N,x,N,5,N,Not defended ,5,20,18,36,23,0,20,0,36,0,15,15,71,4,0,0,0
2022ilch,qm,21,2022ilch_qm21,r1,4787,32,Y,0,0,N,0,0,N,N,x,,x,N,a,N,3,N,almost tipped multiple times,0,0,0,0,0,2,0,0,0,0,0,0,2,0,0,0,0
2022ilch,qm,21,2022ilch_qm21,b3,4292,42,Y,0,0,N,0,0,Y,N,b,[44],x,N,a,N,3,N,,0,0,0,0,0,2,0,0,0,0,0,0,2,0,1,0,0
2022ilch,qm,21,2022ilch_qm21,r3,111,54,Y,4,0,Y,0,0,Y,N,g,,a,N,e,N,5,N,Insane defense. ,4,16,0,0,4,2,16,0,0,0,0,0,18,0,1,0,0
2022ilch,qm,21,2022ilch_qm21,r2,48,43,Y,0,0,N,6,0,Y,N,g,"[45,66,66,6,7,7,57]",3,N,x,N,3,N,Ran into walls alot,0,0,6,12,6,2,0,0,12,0,10,10,24,3,1,0,0
2022ilch,qm,21,2022ilch_qm21,b2,5125,30,Y,0,2,N,0,5,N,Y,x,,2,N,x,N,3,N,,2,4,5,5,7,2,0,4,0,5,6,6,17,2,0,0,0
2022ilch,qm,21,2022ilch_qm21,b1,2022,54,Y,0,0,N,0,0,Y,N,g,,4,N,a,N,3,N,Kept wildstan's attention for the whole match,0,0,0,0,0,2,0,0,0,0,15,15,17,4,1,0,0
2022ilch,qm,22,2022ilch_qm22,r1,101,56,Y,0,0,N,0,0,N,N,x,,x,N,b,N,2,Y,auto messes them up for the rest of the game,0,0,0,0,0,2,0,0,0,0,0,0,2,0,0,1,0
2022ilch,qm,22,2022ilch_qm22,r2,4702,32,Y,0,0,N,0,0,N,N,g,,x,N,b,Y,2,N,Very tippy,0,0,0,0,0,2,0,0,0,0,0,0,2,0,0,0,1
2022ilch,qm,22,2022ilch_qm22,b1,8096,29,Y,0,0,Y,3,0,N,Y,g,"[31,30,44,43]",2,N,x,N,3,N,,0,0,3,6,3,2,0,0,6,0,6,6,14,2,0,0,0
2022ilch,qm,22,2022ilch_qm22,b2,4645,41,N,0,0,N,0,1,N,N,g,,x,N,x,N,3,N,Missed all but one shot,0,0,1,1,1,0,0,0,0,1,0,0,1,0,0,0,0
2022ilch,qm,22,2022ilch_qm22,b3,2151,54,Y,0,0,N,0,0,Y,N,b,[42],x,N,b,N,2,N,,0,0,0,0,0,2,0,0,0,0,0,0,2,0,1,0,0
2022ilch,qm,22,2022ilch_qm22,r3,2220,54,Y,2,0,Y,1,0,Y,N,g,"[53,39,28]",2,Y,x,N,4,N,Not very accurate. Usually much better,2,8,1,2,3,2,8,0,2,0,6,6,18,2,1,0,0
2022ilch,qm,23,2022ilch_qm23,b1,112,55,Y,0,0,N,9,0,N,N,g,,3,N,x,N,4,N,,0,0,9,18,9,2,0,0,18,0,10,10,30,3,0,0,0
2022ilch,qm,23,2022ilch_qm23,r1,5934,44,Y,0,0,N,0,0,N,N,x,,4,N,a,N,3,N,unstable ,0,0,0,0,0,2,0,0,0,0,15,15,17,4,0,0,0
2022ilch,qm,23,2022ilch_qm23,b2,4145,29,Y,0,0,Y,1,0,N,N,g,,x,N,x,N,3,N,Problems from intake to shooter,0,0,1,2,1,2,0,0,2,0,0,0,4,0,0,0,0
2022ilch,qm,23,2022ilch_qm23,r3,1625,54,Y,2,0,Y,7,0,Y,N,g,"[53,40,55,21,19]",3,N,a,N,4,N,Was missing most shots,2,8,7,14,9,2,8,0,14,0,10,10,34,3,1,0,0
2022ilch,qm,23,2022ilch_qm23,r2,3734,44,Y,0,0,N,5,0,N,N,g,"[45,45,45,45,44,44,32,32,21]",x,N,x,N,2,N,,0,0,5,10,5,2,0,0,10,0,0,0,12,0,0,0,0
2022ilch,qm,23,2022ilch_qm23,b3,2358,55,Y,1,0,N,11,1,N,N,b,"[45,40,29,52,52,16,51,54]",3,N,g,N,3,N,,1,4,12,23,13,2,4,0,22,1,10,10,39,3,0,0,0
2022ilch,qm,24,2022ilch_qm24,b1,3488,30,Y,2,0,Y,1,0,N,Y,g,,2,N,x,N,3,N,,2,8,1,2,3,2,8,0,2,0,6,6,18,2,0,0,0
2022ilch,qm,24,2022ilch_qm24,b2,4241,42,Y,1,0,N,1,1,N,N,x,,4,Y,x,N,3,N,,1,4,2,3,3,2,4,0,2,1,15,15,24,4,0,0,0
2022ilch,qm,24,2022ilch_qm24,r1,1732,19,Y,3,0,Y,18,0,N,N,g,"[19,19,44,28,20,19,44,66,54,33]",x,N,x,N,5,N,shooter buffered for two balls,3,12,18,36,21,2,12,0,36,0,0,0,50,0,0,0,0
2022ilch,qm,24,2022ilch_qm24,r3,3067,29,Y,1,0,Y,0,2,N,N,g,[55],2,N,x,N,1,N,Slow and ineffective ,1,4,2,2,3,2,4,0,0,2,6,6,14,2,0,0,0
2022ilch,qm,25,2022ilch_qm25,b1,3110,41,Y,0,0,N,0,0,N,N,x,,x,N,b,N,1,N,,0,0,0,0,0,2,0,0,0,0,0,0,2,0,0,0,0
2022ilch,qm,25,2022ilch_qm25,b2,3695,17,Y,1,0,Y,4,0,N,N,g,,3,Y,x,N,3,N,,1,4,4,8,5,2,4,0,8,0,10,10,24,3,0,0,0
2022ilch,qm,25,2022ilch_qm25,r2,6651,44,Y,0,0,N,2,0,N,N,x,"[6,46]",x,N,b,N,2,N,,0,0,2,4,2,2,0,0,4,0,0,0,6,0,0,0,0
2022ilch,qm,25,2022ilch_qm25,r1,4096,44,Y,2,0,Y,2,1,Y,N,b,"[53,53,43,44,44,22,19]",2,N,a,N,4,N,shooter not accurate,2,8,3,5,5,2,8,0,4,1,6,6,21,2,1,0,0
2022ilch,qm,25,2022ilch_qm25,r3,2338,54,Y,3,0,Y,12,0,N,N,g,"[40,16,53,51,55,56,57]",4,N,x,N,4,N,Great shooter. Fast and accurate ,3,12,12,24,15,2,12,0,24,0,15,15,53,4,0,0,0
2022ilch,qm,25,2022ilch_qm25,b3,8122,55,N,1,0,N,4,0,N,N,b,"[19,40,52,39]",a,N,g,N,3,N,,1,4,4,8,5,0,4,0,8,0,0,0,12,0,0,0,0
2022ilch,qm,26,2022ilch_qm26,b1,8029,41,Y,1,0,N,0,0,N,N,x,,2,Y,x,N,3,N,Just hung at the start mid bar,1,4,0,0,1,2,4,0,0,0,6,6,12,2,0,0,0
2022ilch,qm,26,2022ilch_qm26,b1,8029,29,Y,0,0,N,1,0,N,N,g,"[27,28]",2,Y,x,N,2,N,,0,0,1,2,1,2,0,0,2,0,6,6,10,2,0,0,0
2022ilch,qm,26,2022ilch_qm26,r2,7237,42,Y,0,1,N,0,6,N,N,g,[30],a,N,x,N,3,N,,1,2,6,6,7,2,0,2,0,6,0,0,10,0,0,0,0
2022ilch,qm,26,2022ilch_qm26,r1,677,44,Y,1,0,Y,0,3,N,N,g,"[56,42,42,42]",x,N,x,N,3,N,intake kinda unreliable,1,4,3,3,4,2,4,0,0,3,0,0,9,0,0,0,0
2022ilch,qm,26,2022ilch_qm26,r3,4292,42,Y,0,0,N,0,0,N,Y,g,[42],a,N,x,N,2,N,Very slow.,0,0,0,0,0,2,0,0,0,0,0,0,2,0,0,0,0
2022ilch,qm,26,2022ilch_qm26,b3,2062,17,Y,0,0,N,5,0,N,N,b,"[29,29,6,18,7,18]",a,N,a,N,3,N,,0,0,5,10,5,2,0,0,10,0,0,0,12,0,0,0,0
2022ilch,qm,27,2022ilch_qm27,b1,3352,29,Y,0,1,N,0,2,N,Y,x,,2,N,x,N,2,N,,1,2,2,2,3,2,0,2,0,2,6,6,12,2,0,0,0
2022ilch,qm,27,2022ilch_qm27,b3,2151,67,Y,0,0,N,0,0,N,N,x,[67],x,N,b,N,2,N,Seemed to be unfunctionable towards the end ,0,0,0,0,0,2,0,0,0,0,0,0,2,0,0,0,0
2022ilch,qm,27,2022ilch_qm27,r1,3061,19,Y,4,0,Y,8,1,N,N,g,"[19,32,33,17,29,57,46]",4,Y,x,N,5,N,got a penalty bc held 3 balls,4,16,9,17,13,2,16,0,16,1,15,15,50,4,0,0,0
2022ilch,qm,27,2022ilch_qm27,b2,101,29,Y,0,0,N,0,0,N,N,x,,x,N,a,N,3,N,,0,0,0,0,0,2,0,0,0,0,0,0,2,0,0,0,0
2022ilch,qm,27,2022ilch_qm27,r2,111,29,Y,2,0,N,20,0,Y,N,g,"[17,15,53,40]",4,N,x,N,5,N,,2,8,20,40,22,2,8,0,40,0,15,15,65,4,1,0,0
2022ilch,qm,27,2022ilch_qm27,r3,8868,29,Y,0,0,N,0,0,Y,N,x,,x,N,e,N,4,N,Great defense,0,0,0,0,0,2,0,0,0,0,0,0,2,0,1,0,0
2022ilch,qm,28,2022ilch_qm28,r2,4787,30,Y,0,1,N,0,3,Y,N,x,"[43,42,30]",x,N,x,N,3,Y,,1,2,3,3,4,2,0,2,0,3,0,0,7,0,1,1,0
2022ilch,qm,28,2022ilch_qm28,r2,4787,30,Y,0,1,N,0,3,Y,N,x,"[43,42,30]",x,N,x,N,3,Y,,1,2,3,3,4,2,0,2,0,3,0,0,7,0,1,1,0
2022ilch,qm,28,2022ilch_qm28,b3,4702,32,Y,0,0,N,0,0,N,N,g,,2,N,x,N,1,N,,0,0,0,0,0,2,0,0,0,0,6,6,8,2,0,0,0
2022ilch,qm,28,2022ilch_qm28,b1,4145,29,Y,0,0,Y,4,3,Y,N,x,"[17,17,19,19,29,17,54,54,54]",x,N,x,N,4,N,,0,0,7,11,7,2,0,0,8,3,0,0,13,0,1,0,0
2022ilch,qm,28,2022ilch_qm28,r1,2022,19,N,0,0,N,2,0,N,Y,g,"[54,43,43,43]",3,N,x,N,4,N,shooter unreliable ,0,0,2,4,2,0,0,0,4,0,10,10,14,3,0,0,0
2022ilch,qm,28,2022ilch_qm28,b2,8802,42,Y,0,0,N,0,0,N,N,x,,2,N,e,N,3,N,,0,0,0,0,0,2,0,0,0,0,6,6,8,2,0,0,0
2022ilch,qm,28,2022ilch_qm28,r3,112,29,Y,0,0,Y,5,0,Y,N,g,"[15,44,27,34,15]",2,N,x,N,3,N,Decent shooter,0,0,5,10,5,2,0,0,10,0,6,6,18,2,1,0,0
2022ilch,qm,29,2022ilch_qm29,b3,3734,56,Y,0,0,Y,5,0,N,N,g,"[44,32,32,32]",2,N,x,N,1,N,,0,0,5,10,5,2,0,0,10,0,6,6,18,2,0,0,0
2022ilch,qm,29,2022ilch_qm29,r1,1732,19,Y,5,0,Y,17,0,N,N,g,"[66,45,8,34,57,54,67,57,7,68]",3,N,x,N,5,N,missed a few shots but most got in,5,20,17,34,22,2,20,0,34,0,10,10,66,3,0,0,0
2022ilch,qm,29,2022ilch_qm29,r2,5125,29,Y,0,0,N,0,2,N,N,g,[42],1,N,x,N,2,N,Intake broke,0,0,2,2,2,2,0,0,0,2,4,4,8,1,0,0,0
2022ilch,qm,29,2022ilch_qm29,b1,1739,29,Y,0,0,N,0,4,N,Y,g,,2,N,x,N,2,N,,0,0,4,4,4,2,0,0,0,4,6,6,12,2,0,0,0
2022ilch,qm,29,2022ilch_qm29,b2,5847,54,Y,2,0,N,4,0,Y,N,g,,4,N,x,N,3,N,Defended heavily ,2,8,4,8,6,2,8,0,8,0,15,15,33,4,1,0,0
2022ilch,qm,29,2022ilch_qm29,r3,8096,29,Y,0,0,Y,1,0,Y,N,g,[30],1,N,g,N,3,N,Good defense,0,0,1,2,1,2,0,0,2,0,4,4,8,1,1,0,0
2022ilch,qm,30,2022ilch_qm30,b1,7560,41,Y,0,0,N,0,0,N,N,x,,2,N,b,N,2,N,,0,0,0,0,0,2,0,0,0,0,6,6,8,2,0,0,0
2022ilch,qm,30,2022ilch_qm30,b3,48,19,Y,3,0,Y,10,0,N,N,g,"[8,20,20,45,28,7]",3,N,x,N,4,N,,3,12,10,20,13,2,12,0,20,0,10,10,44,3,0,0,0
2022ilch,qm,30,2022ilch_qm30,r1,1781,43,Y,0,0,Y,3,0,N,N,g,"[57,54,54]",3,N,x,N,5,N,,0,0,3,6,3,2,0,0,6,0,10,10,18,3,0,0,0
2022ilch,qm,30,2022ilch_qm30,r2,2451,42,N,3,0,N,15,0,Y,N,g,"[54,29,8]",x,N,x,N,3,N,,3,12,15,30,18,0,12,0,30,0,0,0,42,0,1,0,0
2022ilch,qm,30,2022ilch_qm30,b2,6381,29,Y,2,0,Y,7,0,N,N,x,,1,N,x,Y,3,N,,2,8,7,14,9,2,8,0,14,0,4,4,28,1,0,0,1
2022ilch,qm,30,2022ilch_qm30,r3,1625,29,Y,0,0,N,7,0,Y,N,g,"[55,57,55,69,7]",4,Y,x,N,4,N,Good shooter. Solid climb,0,0,7,14,7,2,0,0,14,0,15,15,31,4,1,0,0
2022ilch,qm,31,2022ilch_qm31,r2,5934,42,N,0,2,N,0,5,N,Y,x,"[42,18,19]",x,N,x,N,1,Y,,2,4,5,5,7,0,0,4,0,5,0,0,9,0,0,1,0
2022ilch,qm,31,2022ilch_qm31,b1,4645,54,N,0,0,N,0,0,N,N,g,"[24,15]",x,N,x,N,3,N,,0,0,0,0,0,0,0,0,0,0,0,0,0,0,0,0,0
2022ilch,qm,31,2022ilch_qm31,r1,7460,56,Y,2,0,Y,8,0,N,N,g,"[52,52,44,21,7,45,17]",a,Y,x,N,4,N,climber didnt work,2,8,8,16,10,2,8,0,16,0,0,0,26,0,0,0,0
2022ilch,qm,31,2022ilch_qm31,b2,3488,29,Y,1,0,N,4,0,N,N,g,,x,N,x,N,3,N,,1,4,4,8,5,2,4,0,8,0,0,0,14,0,0,0,0
2022ilch,qm,31,2022ilch_qm31,b3,2220,20,Y,4,0,Y,2,0,Y,N,g,"[7,44]",a,N,x,N,3,N,,4,16,2,4,6,2,16,0,4,0,0,0,22,0,1,0,0
2022ilch,qm,31,2022ilch_qm31,r3,5553,29,Y,0,0,N,0,0,Y,N,g,,2,N,g,N,3,N,Good driver. Switched to defense easily ,0,0,0,0,0,2,0,0,0,0,6,6,8,2,1,0,0
2022ilch,qm,32,2022ilch_qm32,r1,4096,44,Y,0,0,Y,4,1,N,N,g,"[57,45,45,6,34,52]",2,N,x,N,4,N,shooter was inaccurate at tirst,0,0,5,9,5,2,0,0,8,1,6,6,17,2,0,0,0
2022ilch,qm,32,2022ilch_qm32,b2,4292,17,Y,0,0,N,0,1,N,N,g,,2,Y,x,N,3,N,,0,0,1,1,1,2,0,0,0,1,6,6,9,2,0,0,0
2022ilch,qm,32,2022ilch_qm32,r2,2358,42,Y,2,0,N,9,0,N,N,g,"[54,42]",4,N,x,N,3,N,bad luck shooting,2,8,9,18,11,2,8,0,18,0,15,15,43,4,0,0,0
2022ilch,qm,32,2022ilch_qm32,r3,101,29,Y,0,0,N,0,0,N,N,g,,x,N,a,N,4,N,Wandered. Was all over the place,0,0,0,0,0,2,0,0,0,0,0,0,2,0,0,0,0
2022ilch,qm,32,2022ilch_qm32,b1,2830,55,Y,2,0,Y,9,0,N,Y,x,,1,N,x,N,4,N,,2,8,9,18,11,2,8,0,18,0,4,4,32,1,0,0,0
2022ilch,qm,33,2022ilch_qm33,b3,4702,44,Y,0,0,N,0,0,N,N,x,,x,N,x,N,1,Y,,0,0,0,0,0,2,0,0,0,0,0,0,2,0,0,1,0
2022ilch,qm,33,2022ilch_qm33,r2,5822,29,Y,0,1,N,0,0,Y,N,x,[42],x,N,x,N,2,Y,Died thrice,1,2,0,0,1,2,0,2,0,0,0,0,4,0,1,1,0
2022ilch,qm,33,2022ilch_qm33,r1,8802,56,Y,0,0,N,0,0,N,N,x,,2,N,e,N,5,N,very good defense,0,0,0,0,0,2,0,0,0,0,6,6,8,2,0,0,0
2022ilch,qm,33,2022ilch_qm33,b1,4241,30,Y,0,0,N,0,0,N,N,x,,2,N,x,N,3,N,Lost control ,0,0,0,0,0,2,0,0,0,0,6,6,8,2,0,0,0
2022ilch,qm,33,2022ilch_qm33,b2,3061,42,Y,3,0,Y,5,0,N,N,x,,2,N,x,N,3,N,,3,12,5,10,8,2,12,0,10,0,6,6,30,2,0,0,0
2022ilch,qm,33,2022ilch_qm33,r3,2338,54,Y,0,5,Y,12,0,N,N,g,"[57,56,20,16,9,32,28]",4,N,x,N,4,N,Great shooter. Climbed in 20 seconds,5,10,12,24,17,2,0,10,24,0,15,15,51,4,0,0,0
2022ilch,qm,34,2022ilch_qm34,b1,111,54,Y,5,0,Y,9,0,Y,N,b,"[22,22,66,66,66,65]",4,N,x,N,5,N,,5,20,9,18,14,2,20,0,18,0,15,15,55,4,1,0,0
2022ilch,qm,34,2022ilch_qm34,b2,2062,41,Y,1,0,Y,1,0,N,N,g,,2,N,x,N,3,N,,1,4,1,2,2,2,4,0,2,0,6,6,14,2,0,0,0
2022ilch,qm,34,2022ilch_qm34,r1,8868,44,Y,0,0,N,0,0,N,N,x,,x,N,a,N,3,N,kinda wandered around,0,0,0,0,0,2,0,0,0,0,0,0,2,0,0,0,0
2022ilch,qm,34,2022ilch_qm34,b3,3067,44,Y,0,1,Y,2,0,N,N,g,"[17,55]",2,N,x,N,2,N,,1,2,2,4,3,2,0,2,4,0,6,6,14,2,0,0,0
2022ilch,qm,34,2022ilch_qm34,r2,4145,44,Y,0,0,N,8,0,N,N,b,"[57,51,33,33,39,54]",x,N,a,N,3,N,,0,0,8,16,8,2,0,0,16,0,0,0,18,0,0,0,0
2022ilch,qm,34,2022ilch_qm34,r3,1739,42,Y,0,0,N,0,3,N,N,g,"[42,42]",4,N,x,N,2,N,,0,0,3,3,3,2,0,0,0,3,15,15,20,4,0,0,0
2022ilch,qm,36,2022ilch_qm36,b1,5125,30,N,0,1,N,0,2,N,Y,g,,2,N,x,N,3,N,,1,2,2,2,3,0,0,2,0,2,6,6,10,2,0,0,0
2022ilch,qm,37,2022ilch_qm37,b1,5553,17,Y,1,0,Y,3,0,N,N,g,,3,Y,x,N,2,N,,1,4,3,6,4,2,4,0,6,0,10,10,22,3,0,0,0
2022ilch,qm,35,2022ilch_qm35,b3,2022,32,Y,0,0,N,2,0,N,Y,g,"[31,19,44]",x,N,x,N,3,N,,0,0,2,4,2,2,0,0,4,0,0,0,6,0,0,0,0
2022ilch,qm,35,2022ilch_qm35,b2,8096,29,Y,2,0,Y,0,0,N,N,g,,a,N,e,N,4,N,Amazing defense! ,2,8,0,0,2,2,8,0,0,0,0,0,10,0,0,0,0
2022ilch,qm,36,2022ilch_qm36,b2,7560,41,Y,0,0,N,0,8,N,Y,g,,2,N,x,N,4,N,,0,0,8,8,8,2,0,0,0,8,6,6,16,2,0,0,0
2022ilch,qm,37,2022ilch_qm37,b2,3110,41,N,0,0,N,0,0,N,N,x,,x,N,x,N,1,Y,Dead from start of match,0,0,0,0,0,0,0,0,0,0,0,0,0,0,0,1,0
2022ilch,qm,38,2022ilch_qm38,b1,2220,55,Y,1,0,N,2,0,N,N,g,,4,N,x,N,3,N,,1,4,2,4,3,2,4,0,4,0,15,15,25,4,0,0,0
2022ilch,qm,39,2022ilch_qm39,b1,7237,30,Y,0,0,N,0,9,N,Y,g,,2,N,x,N,3,N,,0,0,9,9,9,2,0,0,0,9,6,6,17,2,0,0,0
2022ilch,qm,35,2022ilch_qm35,r1,8880,32,Y,1,0,N,0,0,N,N,g,"[46,69]",a,N,a,N,4,N,mid defense ,1,4,0,0,1,2,4,0,0,0,0,0,6,0,0,0,0
2022ilch,qm,36,2022ilch_qm36,r1,4645,32,N,0,0,N,1,0,N,N,g,"[36,36]",x,N,x,N,2,N,"eh shooter, only shoots from one place",0,0,1,2,1,0,0,0,2,0,0,0,2,0,0,0,0
2022ilch,qm,37,2022ilch_qm37,r1,2151,44,Y,1,0,N,0,0,N,N,g,,x,N,b,N,2,N,driving super tippy,1,4,0,0,1,2,4,0,0,0,0,0,6,0,0,0,0
2022ilch,qm,38,2022ilch_qm38,r1,2830,19,Y,2,0,Y,13,0,N,Y,g,"[43,43,44,44,44,44,54,31,43]",2,N,x,N,4,N,pretty accurate shooter,2,8,13,26,15,2,8,0,26,0,6,6,42,2,0,0,0
2022ilch,qm,39,2022ilch_qm39,r1,48,20,Y,3,0,Y,7,0,N,N,x,"[68,67,67,57]",3,Y,x,N,4,N,consistent shooter,3,12,7,14,10,2,12,0,14,0,10,10,38,3,0,0,0
2022ilch,qm,39,2022ilch_qm39,b3,5847,19,Y,1,0,Y,5,0,N,N,g,"[20,16,16,6,7]",3,N,x,N,2,N,,1,4,5,10,6,2,4,0,10,0,10,10,26,3,0,0,0
2022ilch,qm,35,2022ilch_qm35,r2,2451,32,N,4,0,Y,11,0,Y,N,g,"[67,67,56,57,17,52,53,56,56]",a,N,e,N,4,N,,4,16,11,22,15,0,16,0,22,0,0,0,38,0,1,0,0
2022ilch,qm,36,2022ilch_qm36,r2,7460,18,Y,0,0,N,7,1,N,N,g,"[21,20,32,22,57,57,57]",x,N,a,N,3,N,,0,0,8,15,8,2,0,0,14,1,0,0,17,0,0,0,0
2022ilch,qm,37,2022ilch_qm37,r2,8122,18,Y,0,0,Y,4,0,Y,N,g,"[21,33,20,32,7,33,44,68]",2,N,x,N,4,N,,0,0,4,8,4,2,0,0,8,0,6,6,16,2,1,0,0
2022ilch,qm,38,2022ilch_qm38,r2,3734,41,N,0,0,N,0,0,Y,N,g,"[56,67,68,68]",a,N,a,N,2,N,,0,0,0,0,0,0,0,0,0,0,0,0,0,0,1,0,0
2022ilch,qm,39,2022ilch_qm39,r2,112,18,Y,2,0,N,5,0,Y,N,g,"[20,20,7]",2,Y,x,N,5,N,Great shooter and climber,2,8,5,10,7,2,8,0,10,0,6,6,26,2,1,0,0
2022ilch,qm,39,2022ilch_qm39,r3,677,29,Y,0,1,N,1,0,Y,N,g,[6],x,N,g,N,3,N,Decent defense. Cool name,1,2,1,2,2,2,0,2,2,0,0,0,6,0,1,0,0
2022ilch,qm,35,2022ilch_qm35,b3,2022,54,Y,5,0,Y,8,0,Y,N,g,"[52,16,39,15]",2,N,x,N,5,N,Excellent ,5,20,8,16,13,2,20,0,16,0,6,6,44,2,1,0,0
2022ilch,qm,36,2022ilch_qm36,r3,6651,30,Y,1,0,N,0,1,N,N,g,"[27,8,7,21,10]",x,N,b,N,1,N,,1,4,1,1,2,2,4,0,0,1,0,0,7,0,0,0,0
2022ilch,qm,37,2022ilch_qm37,r3,5934,29,Y,1,1,Y,1,0,Y,N,g,[56],4,N,x,N,2,N,Great climb. Not so great at shooting,2,6,1,2,3,2,4,2,2,0,15,15,25,4,1,0,0
2022ilch,qm,38,2022ilch_qm38,r3,3695,29,Y,1,0,Y,0,1,Y,N,g,"[7,6,20,21,45]",3,N,x,N,3,N,Made almost no shots,1,4,1,1,2,2,4,0,0,1,10,10,17,3,1,0,0
2022ilch,qm,40,2022ilch_qm40,b1,111,54,Y,5,0,Y,3,6,Y,N,b,"[3,3,27,27,43,43,27,27,30]",3,N,x,N,5,N,,5,20,9,12,14,2,20,0,6,6,10,10,44,3,1,0,0
2022ilch,qm,40,2022ilch_qm40,b3,8802,44,Y,0,0,N,0,0,N,N,x,,x,N,e,N,5,N,,0,0,0,0,0,2,0,0,0,0,0,0,2,0,0,0,0
2022ilch,qm,40,2022ilch_qm40,r2,4096,19,Y,0,2,N,3,0,Y,N,g,"[17,45,58,33,50,33,55]",2,N,a,N,3,N,Shooter is not as accurate,2,4,3,6,5,2,0,4,6,0,6,6,18,2,1,0,0
2022ilch,qm,40,2022ilch_qm40,r1,8096,44,Y,2,0,Y,0,0,N,N,x,,1,N,e,N,4,N,was pushed around by milwaukee united ,2,8,0,0,2,2,8,0,0,0,4,4,14,1,0,0,0
2022ilch,qm,40,2022ilch_qm40,r3,3488,42,Y,1,0,N,2,0,Y,N,g,"[29,29,30]",2,N,g,N,4,N,Average,1,4,2,4,3,2,4,0,4,0,6,6,16,2,1,0,0
2022ilch,qm,40,2022ilch_qm40,b2,2022,17,N,0,0,N,0,0,N,N,x,,4,N,g,N,3,N,,0,0,0,0,0,0,0,0,0,0,15,15,15,4,0,0,0
2022ilch,qm,39,2022ilch_qm39,b2,2358,17,Y,0,0,Y,5,0,N,Y,g,,3,N,x,N,3,N,,0,0,5,10,5,2,0,0,10,0,10,10,22,3,0,0,0
2022ilch,qm,38,2022ilch_qm38,b2,1625,29,Y,1,0,Y,4,0,N,N,g,,3,N,x,N,4,N,,1,4,4,8,5,2,4,0,8,0,10,10,24,3,0,0,0
2022ilch,qm,41,2022ilch_qm41,b3,6651,56,Y,0,0,N,3,0,N,N,g,"[44,57,67,33,20,33,33]",x,N,x,N,2,N,,0,0,3,6,3,2,0,0,6,0,0,0,8,0,0,0,0
2022ilch,qm,41,2022ilch_qm41,b1,2451,54,Y,4,0,Y,12,0,N,N,b,"[7,8,7,21,6,7,5,20]",a,N,x,N,5,N,,4,16,12,24,16,2,16,0,24,0,0,0,42,0,0,0,0
2022ilch,qm,41,2022ilch_qm41,r3,4645,18,N,0,0,N,0,0,N,N,g,[37],x,N,a,N,3,N,Slow. Just wandered around field,0,0,0,0,0,0,0,0,0,0,0,0,0,0,0,0,0
2022ilch,qm,41,2022ilch_qm41,r1,4702,32,Y,1,0,Y,0,0,N,N,x,,a,N,x,N,1,Y,,1,4,0,0,1,2,4,0,0,0,0,0,6,0,0,1,0
2022ilch,qm,41,2022ilch_qm41,b2,1739,41,Y,0,0,N,0,0,N,N,t,,x,N,a,N,2,N,,0,0,0,0,0,2,0,0,0,0,0,0,2,0,0,0,0
2022ilch,qm,41,2022ilch_qm41,r2,8880,6,Y,0,0,N,8,0,Y,N,g,"[21,45,56,54,52]",2,N,b,N,3,N,,0,0,8,16,8,2,0,0,16,0,6,6,24,2,1,0,0
2022ilch,qm,42,2022ilch_qm42,b1,2338,54,N,5,0,Y,9,0,Y,N,b,"[21,8,8]",4,N,x,N,4,N,,5,20,9,18,14,0,20,0,18,0,15,15,53,4,1,0,0
2022ilch,qm,42,2022ilch_qm42,b3,3061,44,Y,2,0,Y,9,0,N,N,g,"[56,17,17,33,17,33]",4,Y,x,N,4,N,,2,8,9,18,11,2,8,0,18,0,15,15,43,4,0,0,0
2022ilch,qm,42,2022ilch_qm42,r1,2062,56,Y,0,1,N,1,1,N,N,g,"[67,67,67,54,53,52]",2,N,x,N,2,N,,1,2,2,3,3,2,0,2,2,1,6,6,13,2,0,0,0
2022ilch,qm,42,2022ilch_qm42,b2,5934,41,Y,1,0,N,0,0,N,N,x,,x,N,a,N,4,N,,1,4,0,0,1,2,4,0,0,0,0,0,6,0,0,0,0
2022ilch,qm,42,2022ilch_qm42,r3,4787,29,Y,0,1,N,0,4,N,Y,g,"[30,29,42]",2,N,x,N,3,N,Not the best,1,2,4,4,5,2,0,2,0,4,6,6,14,2,0,0,0
2022ilch,qm,42,2022ilch_qm42,r2,1781,19,Y,0,0,N,7,0,Y,N,g,"[42,32,31,31,30,30,30]",4,N,x,N,3,N,,0,0,7,14,7,2,0,0,14,0,15,15,31,4,1,0,0
2022ilch,qm,43,2022ilch_qm43,b1,6381,17,Y,1,0,Y,11,0,N,Y,x,,2,N,x,N,3,N,Mech wheels,1,4,11,22,12,2,4,0,22,0,6,6,34,2,0,0,0
2022ilch,qm,43,2022ilch_qm43,r1,3734,19,N,0,0,N,0,0,N,N,g,,a,N,x,N,2,N,shooter wasnt working ,0,0,0,0,0,0,0,0,0,0,0,0,0,0,0,0,0
2022ilch,qm,43,2022ilch_qm43,b2,5822,54,Y,0,0,N,0,0,N,N,x,,x,N,x,N,1,Y,Died recovered then died again,0,0,0,0,0,2,0,0,0,0,0,0,2,0,0,1,0
2022ilch,qm,43,2022ilch_qm43,b3,8868,19,N,0,0,N,0,0,N,N,x,,x,N,b,N,1,N,,0,0,0,0,0,0,0,0,0,0,0,0,0,0,0,0,0
2022ilch,qm,43,2022ilch_qm43,r3,2220,42,Y,3,0,Y,5,0,Y,N,g,"[41,41,28]",3,N,x,N,4,N,Good shooter. Fast and great climb. Smart driver,3,12,5,10,8,2,12,0,10,0,10,10,34,3,1,0,0
2022ilch,qm,43,2022ilch_qm43,r2,3110,44,Y,0,0,N,0,0,N,N,g,[65],a,N,x,N,4,Y,Robot does not seem to be reliable,0,0,0,0,0,2,0,0,0,0,0,0,2,0,0,1,0
2022ilch,qm,44,2022ilch_qm44,b1,5125,29,Y,0,2,Y,0,4,Y,Y,g,,x,N,x,N,3,Y,,2,4,4,4,6,2,0,4,0,4,0,0,10,0,1,1,0
2022ilch,qm,44,2022ilch_qm44,r1,1625,19,Y,1,0,Y,6,0,N,N,g,"[6,7,5,67,57,45,67]",2,N,x,N,4,N,,1,4,6,12,7,2,4,0,12,0,6,6,24,2,0,0,0
2022ilch,qm,44,2022ilch_qm44,b3,3352,19,Y,1,0,N,1,0,N,N,x,[55],2,N,b,N,2,N,,1,4,1,2,2,2,4,0,2,0,6,6,14,2,0,0,0
2022ilch,qm,44,2022ilch_qm44,b2,4241,41,Y,1,0,N,1,0,Y,N,x,,x,N,x,N,3,N,,1,4,1,2,2,2,4,0,2,0,0,0,8,0,1,0,0
2022ilch,qm,44,2022ilch_qm44,r3,2830,17,Y,2,0,Y,0,0,Y,N,g,,2,N,g,N,4,N,Good defense,2,8,0,0,2,2,8,0,0,0,6,6,16,2,1,0,0
2022ilch,qm,44,2022ilch_qm44,r2,7237,32,Y,0,0,N,0,17,N,N,g,"[43,43,43,43,43,43,44,43,43,31,31]",a,N,x,N,3,N,Method of shooting is consistent ,0,0,17,17,17,2,0,0,0,17,0,0,19,0,0,0,0
2022ilch,qm,45,2022ilch_qm45,b3,1732,19,Y,4,0,Y,19,0,N,N,g,"[20,45,21,17,6,7,33,45,8,41]",2,N,x,N,5,N,,4,16,19,38,23,2,16,0,38,0,6,6,62,2,0,0,0
2022ilch,qm,45,2022ilch_qm45,b1,4292,29,Y,0,0,N,0,0,Y,Y,g,,x,N,b,N,3,N,,0,0,0,0,0,2,0,0,0,0,0,0,2,0,1,0,0
2022ilch,qm,45,2022ilch_qm45,r1,7560,32,Y,0,0,N,0,0,N,N,x,,2,N,x,N,2,N,buffered while driving,0,0,0,0,0,2,0,0,0,0,6,6,8,2,0,0,0
2022ilch,qm,45,2022ilch_qm45,b2,112,29,Y,1,0,Y,0,0,N,N,x,,3,N,a,N,2,N,Intake broke,1,4,0,0,1,2,4,0,0,0,10,10,16,3,0,0,0
2022ilch,qm,45,2022ilch_qm45,r3,8122,54,Y,2,0,Y,3,1,Y,N,g,"[28,29,17,28,5,29]",2,N,x,N,3,N,Decent shooter,2,8,4,7,6,2,8,0,6,1,6,6,23,2,1,0,0
2022ilch,qm,45,2022ilch_qm45,r2,5553,56,Y,1,0,N,6,0,Y,N,g,"[56,45,52,40,52,66,67]",3,Y,x,N,3,N,,1,4,6,12,7,2,4,0,12,0,10,10,28,3,1,0,0
2022ilch,qm,46,2022ilch_qm46,b3,3695,19,Y,0,0,Y,3,0,N,N,x,"[7,20,20,20,20,7]",2,N,x,N,2,N,,0,0,3,6,3,2,0,0,6,0,6,6,14,2,0,0,0
2022ilch,qm,46,2022ilch_qm46,b2,7460,29,Y,1,0,Y,8,0,N,N,g,,x,N,x,N,3,N,,1,4,8,16,9,2,4,0,16,0,0,0,22,0,0,0,0
2022ilch,qm,46,2022ilch_qm46,b1,48,54,Y,3,0,Y,10,0,Y,N,b,"[28,28,57,57,34,46,46,39,39,28,28]",4,N,x,N,4,N,,3,12,10,20,13,2,12,0,20,0,15,15,49,4,1,0,0
2022ilch,qm,46,2022ilch_qm46,r1,677,31,Y,2,0,Y,4,0,N,N,g,"[7,8,45,45,57,41,52]",x,N,x,N,3,N,,2,8,4,8,6,2,8,0,8,0,0,0,18,0,0,0,0
2022ilch,qm,46,2022ilch_qm46,r2,3067,44,Y,0,0,N,2,2,Y,N,g,"[44,56]",a,N,x,N,3,Y,Robot gave out towards the end,0,0,4,6,4,2,0,0,4,2,0,0,8,0,1,1,0
2022ilch,qm,46,2022ilch_qm46,r3,101,54,Y,0,0,N,0,0,Y,N,g,[57],x,N,g,N,4,N,Great defense. Pushed enemy cargo into hanger,0,0,0,0,0,2,0,0,0,0,0,0,2,0,1,0,0
2022ilch,qm,47,2022ilch_qm47,b3,2151,32,Y,0,0,N,0,0,N,Y,g,,x,N,b,N,1,N,,0,0,0,0,0,2,0,0,0,0,0,0,2,0,0,0,0
2022ilch,qm,47,2022ilch_qm47,b2,2358,30,Y,0,0,Y,4,0,N,N,g,,4,N,x,N,4,N,,0,0,4,8,4,2,0,0,8,0,15,15,25,4,0,0,0
2022ilch,qm,47,2022ilch_qm47,b1,3488,54,Y,2,0,Y,0,0,N,Y,g,,2,N,a,N,4,N,Broke their own intake,2,8,0,0,2,2,8,0,0,0,6,6,16,2,0,0,0
2022ilch,qm,47,2022ilch_qm47,r1,8029,32,Y,1,0,N,4,0,N,N,g,"[35,65,66]",x,N,x,N,3,Y,,1,4,4,8,5,2,4,0,8,0,0,0,14,0,0,1,0
2022ilch,qm,47,2022ilch_qm47,r2,5847,19,Y,2,0,N,4,0,N,N,g,"[34,34,28]",3,N,x,N,4,N,,2,8,4,8,6,2,8,0,8,0,10,10,28,3,0,0,0
2022ilch,qm,47,2022ilch_qm47,r3,4145,17,Y,3,0,Y,8,0,Y,N,g,"[17,6,20,53,41,28]",4,Y,x,N,5,N,Super fast! Good shooter and great climber,3,12,8,16,11,2,12,0,16,0,15,15,45,4,1,0,0
2022ilch,qm,48,2022ilch_qm48,b1,4096,54,Y,1,0,Y,10,0,N,N,g,,x,N,x,N,4,N,,1,4,10,20,11,2,4,0,20,0,0,0,26,0,0,0,0
2022ilch,qm,48,2022ilch_qm48,b3,5822,43,Y,0,2,Y,0,0,N,N,x,[44],4,Y,x,N,3,Y,,2,4,0,0,2,2,0,4,0,0,15,15,21,4,0,1,0
2022ilch,qm,48,2022ilch_qm48,b2,8880,41,Y,0,0,N,0,0,N,N,g,,2,N,x,N,4,N,,0,0,0,0,0,2,0,0,0,0,6,6,8,2,0,0,0
2022ilch,qm,48,2022ilch_qm48,r1,5934,43,Y,0,2,Y,0,5,N,N,g,"[42,42,43,43]",2,N,a,N,3,N,,2,4,5,5,7,2,0,4,0,5,6,6,17,2,0,0,0
2022ilch,qm,48,2022ilch_qm48,r3,2062,54,Y,1,0,N,5,0,N,N,g,"[41,55,44,56,29,20]",2,N,x,N,3,N,Pretty good shooter,1,4,5,10,6,2,4,0,10,0,6,6,22,2,0,0,0
2022ilch,qm,48,2022ilch_qm48,r2,8868,32,Y,0,0,N,0,0,Y,N,x,,x,N,e,N,4,N,,0,0,0,0,0,2,0,0,0,0,0,0,2,0,1,0,0
2022ilch,qm,49,2022ilch_qm49,b1,4645,29,N,0,0,N,0,0,N,N,x,,x,N,x,N,3,Y,,0,0,0,0,0,0,0,0,0,0,0,0,0,0,0,1,0
2022ilch,qm,49,2022ilch_qm49,b2,3110,30,Y,0,0,Y,0,0,N,N,x,,x,N,x,N,3,Y,Dead,0,0,0,0,0,2,0,0,0,0,0,0,2,0,0,1,0
2022ilch,qm,49,2022ilch_qm49,b3,111,19,Y,5,0,Y,9,4,Y,N,g,"[42,43,45,20]",4,N,x,N,5,N,crazy good; defense was played on them,5,20,13,22,18,2,20,0,18,4,15,15,59,4,1,0,0
2022ilch,qm,49,2022ilch_qm49,r1,2022,19,Y,0,1,Y,0,0,N,N,g,,a,N,g,N,3,N,ran out of time to climb,1,2,0,0,1,2,0,2,0,0,0,0,4,0,0,0,0
2022ilch,qm,49,2022ilch_qm49,r3,4241,29,Y,0,0,N,1,0,N,N,g,[15],3,N,x,N,3,N,Not much going on,0,0,1,2,1,2,0,0,2,0,10,10,14,3,0,0,0
2022ilch,qm,49,2022ilch_qm49,r2,7237,55,Y,0,0,N,0,3,N,N,g,"[32,44]",a,N,x,N,3,N,,0,0,3,3,3,2,0,0,0,3,0,0,5,0,0,0,0
2022ilch,qm,50,2022ilch_qm50,b3,7560,44,Y,0,0,N,0,0,N,N,t,,2,N,x,N,1,N,,0,0,0,0,0,2,0,0,0,0,6,6,8,2,0,0,0
2022ilch,qm,50,2022ilch_qm50,b2,112,54,Y,1,0,N,10,0,Y,N,g,,3,N,x,N,5,N,,1,4,10,20,11,2,4,0,20,0,10,10,36,3,1,0,0
2022ilch,qm,50,2022ilch_qm50,r2,6381,44,Y,2,0,N,10,0,N,N,g,"[31,31,43,19,19,31,43]",a,N,x,N,5,N,,2,8,10,20,12,2,8,0,20,0,0,0,30,0,0,0,0
2022ilch,qm,50,2022ilch_qm50,r1,3352,31,Y,0,0,N,1,2,N,N,x,"[67,44,44,43]",2,N,x,N,1,N,,0,0,3,4,3,2,0,0,2,2,6,6,12,2,0,0,0
2022ilch,qm,50,2022ilch_qm50,b1,6651,17,Y,2,0,Y,5,0,N,N,g,"[20,22,17,17,53,53]",1,N,x,N,3,N,,2,8,5,10,7,2,8,0,10,0,4,4,24,1,0,0,0
2022ilch,qm,50,2022ilch_qm50,r3,1739,18,Y,0,1,N,0,0,N,Y,g,,2,N,b,N,1,N,Did nothing ,1,2,0,0,1,2,0,2,0,0,6,6,10,2,0,0,0
2022ilch,qm,51,2022ilch_qm51,r1,3695,43,Y,0,0,N,6,0,N,N,g,"[66,67,67,16,16,53,53]",3,N,x,N,1,N,,0,0,6,12,6,2,0,0,12,0,10,10,24,3,0,0,0
2022ilch,qm,51,2022ilch_qm51,b2,2830,42,Y,2,0,Y,1,4,Y,N,x,,2,N,x,N,3,N,,2,8,5,6,7,2,8,0,2,4,6,6,22,2,1,0,0
2022ilch,qm,51,2022ilch_qm51,b1,8802,29,Y,0,0,N,0,0,N,N,x,,1,N,g,N,4,N,Driver is reckless ,0,0,0,0,0,2,0,0,0,0,4,4,6,1,0,0,0
2022ilch,qm,51,2022ilch_qm51,r2,2220,44,Y,2,0,N,0,0,N,N,x,[22],4,N,x,N,3,N,,2,8,0,0,2,2,8,0,0,0,15,15,25,4,0,0,0
2022ilch,qm,51,2022ilch_qm51,b3,5125,43,Y,0,2,Y,0,8,N,Y,g,"[44,44,44,44]",2,N,x,N,3,N,,2,4,8,8,10,2,0,4,0,8,6,6,20,2,0,0,0
2022ilch,qm,51,2022ilch_qm51,r3,1732,54,Y,0,0,Y,0,0,Y,N,g,,2,N,a,N,5,N,Had problems with intake. Got pushed around ,0,0,0,0,0,2,0,0,0,0,6,6,8,2,1,0,0
2022ilch,qm,52,2022ilch_qm52,r2,2151,44,Y,0,0,N,0,0,N,N,x,,x,N,x,N,3,Y,Died at 65 seconds. Solid orange light,0,0,0,0,0,2,0,0,0,0,0,0,2,0,0,1,0
2022ilch,qm,52,2022ilch_qm52,b3,8096,43,Y,1,0,N,0,0,N,N,g,,2,N,e,N,4,N,,1,4,0,0,1,2,4,0,0,0,6,6,12,2,0,0,0
2022ilch,qm,52,2022ilch_qm52,b1,7460,42,Y,1,0,N,5,1,N,N,g,"[6,5,68,68,21,21,57]",1,N,x,N,3,N,,1,4,6,11,7,2,4,0,10,1,4,4,21,1,0,0,0
2022ilch,qm,52,2022ilch_qm52,b2,4787,41,Y,0,1,N,0,10,N,N,g,,2,N,x,N,2,N,,1,2,10,10,11,2,0,2,0,10,6,6,20,2,0,0,0
2022ilch,qm,52,2022ilch_qm52,r2,2151,56,N,0,0,N,0,0,N,N,x,,x,N,b,N,1,N,Likely to tip over,0,0,0,0,0,0,0,0,0,0,0,0,0,0,0,0,0
2022ilch,qm,52,2022ilch_qm52,r3,8029,29,Y,1,0,N,0,0,N,N,g,,x,N,b,N,1,N,Super disappointed ,1,4,0,0,1,2,4,0,0,0,0,0,6,0,0,0,0
2022ilch,qm,53,2022ilch_qm53,b3,1625,18,Y,2,0,Y,2,0,Y,N,g,"[53,56,52,40]",3,N,x,N,3,N,,2,8,2,4,4,2,8,0,4,0,10,10,24,3,1,0,0
2022ilch,qm,53,2022ilch_qm53,b1,101,54,Y,0,0,N,0,0,N,N,x,,x,N,b,N,3,N,Broke their drive train ,0,0,0,0,0,2,0,0,0,0,0,0,2,0,0,0,0
2022ilch,qm,53,2022ilch_qm53,b2,4145,29,Y,0,0,N,3,0,N,N,g,,2,Y,x,N,4,N,Problems intaking,0,0,3,6,3,2,0,0,6,0,6,6,14,2,0,0,0
2022ilch,qm,53,2022ilch_qm53,r3,677,29,Y,0,1,N,7,0,N,N,g,"[53,40,28,33,45,21,21]",x,N,x,N,3,N,Kinda wandered around looking for cargo,1,2,7,14,8,2,0,2,14,0,0,0,18,0,0,0,0
2022ilch,qm,53,2022ilch_qm53,r1,8122,55,Y,1,0,N,3,0,N,N,g,"[57,56,45,66,66,54]",2,N,x,N,3,N,,1,4,3,6,4,2,4,0,6,0,6,6,18,2,0,0,0
2022ilch,qm,53,2022ilch_qm53,r2,1781,19,Y,2,0,N,4,0,N,N,g,"[19,31,42]",a,N,x,N,3,N,,2,8,4,8,6,2,8,0,8,0,0,0,18,0,0,0,0
2022ilch,qm,54,2022ilch_qm54,b3,3067,43,Y,0,0,N,0,8,N,Y,g,"[44,44,44,19]",2,N,x,N,1,N,,0,0,8,8,8,2,0,0,0,8,6,6,16,2,0,0,0
2022ilch,qm,54,2022ilch_qm54,b2,5553,54,Y,0,0,N,0,3,N,N,g,,3,Y,x,N,4,N,,0,0,3,3,3,2,0,0,0,3,10,10,15,3,0,0,0
2022ilch,qm,54,2022ilch_qm54,b1,4292,29,Y,0,0,N,0,1,N,N,g,,x,N,g,N,3,N,,0,0,1,1,1,2,0,0,0,1,0,0,3,0,0,0,0
2022ilch,qm,54,2022ilch_qm54,r3,2338,54,Y,1,0,Y,10,0,N,N,g,"[40,7,68,57,57,7,42,15,16]",3,N,x,N,3,N,Good shooter,1,4,10,20,11,2,4,0,20,0,10,10,36,3,0,0,0
2022ilch,qm,54,2022ilch_qm54,r2,4702,32,Y,0,0,N,0,0,N,N,x,,x,N,b,N,1,N,Did not seem to be functional,0,0,0,0,0,2,0,0,0,0,0,0,2,0,0,0,0
2022ilch,qm,54,2022ilch_qm54,r1,5847,44,Y,0,1,N,4,1,N,N,g,"[44,44,56,56,45,45,70,20,20,20,20,19,19]",3,N,x,N,3,N,Ran out of time for traversal,1,2,5,9,6,2,0,2,8,1,10,10,23,3,0,0,0
2022ilch,qm,55,2022ilch_qm55,b1,7237,55,Y,0,0,N,0,1,N,Y,g,,1,N,b,N,3,N,,0,0,1,1,1,2,0,0,0,1,4,4,7,1,0,0,0
2022ilch,qm,55,2022ilch_qm55,b3,3734,20,Y,0,0,Y,5,0,N,N,g,"[7,56,45,44,20,20,44]",2,N,x,N,2,N,,0,0,5,10,5,2,0,0,10,0,6,6,18,2,0,0,0
2022ilch,qm,55,2022ilch_qm55,b2,3488,30,Y,1,0,N,1,0,N,N,g,,2,N,a,N,3,N,Something broke and they became def bot,1,4,1,2,2,2,4,0,2,0,6,6,14,2,0,0,0
2022ilch,qm,55,2022ilch_qm55,r1,3061,19,Y,5,0,Y,11,0,N,N,g,"[65,40,40,66,66,58,45]",4,Y,x,N,4,N,150 total points with alliance,5,20,11,22,16,2,20,0,22,0,15,15,59,4,0,0,0
2022ilch,qm,55,2022ilch_qm55,r2,2358,32,Y,2,0,N,5,0,N,N,x,[30],4,N,a,N,3,N,,2,8,5,10,7,2,8,0,10,0,15,15,35,4,0,0,0
2022ilch,qm,55,2022ilch_qm55,r3,2451,29,Y,2,0,Y,20,0,Y,N,g,"[17,28,45,53,21,22,7]",x,N,g,N,4,N,Great robot. Best match in the entire regional. ,2,8,20,40,22,2,8,0,40,0,0,0,50,0,1,0,0
2022ilch,qm,56,2022ilch_qm56,b1,5934,18,N,0,1,N,0,3,N,Y,g,"[18,30,30]",4,Y,x,N,3,N,Took 37sec to climb,1,2,3,3,4,0,0,2,0,3,15,15,20,4,0,0,0
2022ilch,qm,56,2022ilch_qm56,r1,2830,19,Y,3,1,Y,8,0,N,Y,g,"[19,19,44,44,42,19,19,19,19,43]",2,N,x,N,4,N,Tippy,4,14,8,16,12,2,12,2,16,0,6,6,38,2,0,0,0
2022ilch,qm,56,2022ilch_qm56,r3,2022,44,Y,0,0,N,1,0,N,N,g,[43],x,N,a,N,3,N,driving bugged out near end,0,0,1,2,1,2,0,0,2,0,0,0,4,0,0,0,0
2022ilch,qm,56,2022ilch_qm56,r2,6651,29,Y,1,0,N,4,0,Y,N,g,"[52,40,41,57,9,8,5,56]",x,N,a,N,2,N,Kinda slow ,1,4,4,8,5,2,4,0,8,0,0,0,14,0,1,0,0
2022ilch,qm,56,2022ilch_qm56,b3,5822,55,Y,0,0,N,0,7,Y,N,g,"[42,54,42,30,30,30]",4,N,a,N,3,N,Only drops cargo into lower hub,0,0,7,7,7,2,0,0,0,7,15,15,24,4,1,0,0
2022ilch,qm,57,2022ilch_qm57,b1,48,42,Y,4,0,Y,14,0,Y,N,b,"[65,65,53,52,40,40,53,53,5,5,16,17,28,28,16]",4,Y,x,N,4,N,17 sec climb,4,16,14,28,18,2,16,0,28,0,15,15,61,4,1,0,0
2022ilch,qm,57,2022ilch_qm57,b2,3352,41,Y,0,1,N,0,0,N,N,x,,2,N,b,N,1,N,,1,2,0,0,1,2,0,2,0,0,6,6,10,2,0,0,0
2022ilch,qm,57,2022ilch_qm57,r1,1739,43,Y,0,1,N,0,1,N,Y,g,"[43,43,54,42]",a,N,x,N,1,Y,Everybot climber,1,2,1,1,2,2,0,2,0,1,0,0,5,0,0,1,0
2022ilch,qm,57,2022ilch_qm57,r3,4241,32,Y,1,0,N,1,0,N,N,g,"[34,23,58]",3,Y,x,N,3,N,shooting inaccurate,1,4,1,2,2,2,4,0,2,0,10,10,18,3,0,0,0
2022ilch,qm,57,2022ilch_qm57,r2,4645,54,N,0,0,N,0,0,N,N,g,"[37,37]",x,N,a,N,2,N,Seemed broken. Didnt do auto,0,0,0,0,0,0,0,0,0,0,0,0,0,0,0,0,0
2022ilch,qm,57,2022ilch_qm57,b3,4096,17,Y,2,0,N,3,0,N,N,g,"[16,29,53,40,53]",2,N,x,N,3,N,"Problematic intake, shooter functional not thebest",2,8,3,6,5,2,8,0,6,0,6,6,22,2,0,0,0
2022ilch,qm,58,2022ilch_qm58,b1,1781,42,Y,1,0,Y,3,2,N,N,g,,4,N,g,N,3,N,Potential for defense ,1,4,5,8,6,2,4,0,6,2,15,15,29,4,0,0,0
2022ilch,qm,58,2022ilch_qm58,r1,112,19,Y,2,0,Y,9,1,Y,N,g,"[45,45,17,16,6,27,28,40,40,57]",3,N,x,N,4,N,6 sec climb,2,8,10,19,12,2,8,0,18,1,10,10,39,3,1,0,0
2022ilch,qm,58,2022ilch_qm58,r2,2062,29,Y,2,0,Y,7,0,N,N,g,"[41,17,17,21,5,17,28]",x,N,x,N,3,N,Decent shooter,2,8,7,14,9,2,8,0,14,0,0,0,24,0,0,0,0
2022ilch,qm,58,2022ilch_qm58,r3,3110,32,Y,0,0,N,0,0,N,N,x,,x,N,x,N,3,Y,died after auto and never woke up,0,0,0,0,0,2,0,0,0,0,0,0,2,0,0,1,0
2022ilch,qm,58,2022ilch_qm58,b2,101,41,Y,0,0,N,0,0,N,N,x,,x,N,e,N,4,N,,0,0,0,0,0,2,0,0,0,0,0,0,2,0,0,0,0
2022ilch,qm,58,2022ilch_qm58,b3,7460,17,Y,1,0,N,7,0,Y,N,g,"[44,45,19,8,52,52]",2,Y,x,N,4,N,Semi consistent shooter ,1,4,7,14,8,2,4,0,14,0,6,6,26,2,1,0,0
2022ilch,qm,59,2022ilch_qm59,b1,2151,18,Y,0,0,N,0,0,N,N,x,,x,N,b,N,3,Y,Got pushed back then died,0,0,0,0,0,2,0,0,0,0,0,0,2,0,0,1,0
2022ilch,qm,59,2022ilch_qm59,b2,2220,54,Y,2,0,Y,2,0,N,N,g,,2,N,x,N,5,N,,2,8,2,4,4,2,8,0,4,0,6,6,20,2,0,0,0
2022ilch,qm,59,2022ilch_qm59,b3,8880,41,Y,0,0,N,4,1,N,N,g,"[38,39,27,34]",2,N,x,N,3,N,Shot from afar,0,0,5,9,5,2,0,0,8,1,6,6,17,2,0,0,0
2022ilch,qm,59,2022ilch_qm59,r1,3067,32,Y,1,0,Y,0,2,N,N,g,"[54,42]",a,N,a,N,4,N,Was in a pushing match the whole game,1,4,2,2,3,2,4,0,0,2,0,0,8,0,0,0,0
2022ilch,qm,59,2022ilch_qm59,r2,2338,54,Y,4,0,Y,12,0,N,N,g,"[28,51,30,17,57,16,16]",3,N,x,N,4,N,Great shooter. Decent climb,4,16,12,24,16,2,16,0,24,0,10,10,52,3,0,0,0
2022ilch,qm,59,2022ilch_qm59,r3,1625,44,Y,0,0,Y,6,0,N,N,g,"[67,45,53,28,29,16]",3,Y,x,N,4,N,no traversal bc arm not controlled well,0,0,6,12,6,2,0,0,12,0,10,10,24,3,0,0,0
2022ilch,qm,60,2022ilch_qm60,b2,4145,41,Y,1,0,N,4,0,N,N,g,,4,Y,x,N,4,N,,1,4,4,8,5,2,4,0,8,0,15,15,29,4,0,0,0
2022ilch,qm,60,2022ilch_qm60,b1,8096,30,Y,1,0,Y,0,0,N,Y,g,,1,N,e,N,4,N,Zoned off huskies ,1,4,0,0,1,2,4,0,0,0,4,4,10,1,0,0,0
2022ilch,qm,60,2022ilch_qm60,r1,3695,56,Y,0,0,Y,5,0,N,N,g,"[67,67,7,7,19,19,19]",3,N,x,N,3,N,,0,0,5,10,5,2,0,0,10,0,10,10,22,3,0,0,0
2022ilch,qm,60,2022ilch_qm60,r3,4292,32,Y,0,0,N,0,1,N,N,g,[31],x,N,e,N,4,N,defended us and made us miss a few shots,0,0,1,1,1,2,0,0,0,1,0,0,3,0,0,0,0
2022ilch,qm,60,2022ilch_qm60,b3,2451,54,Y,3,0,N,9,0,Y,N,g,"[40,52,53,52,53,53,52,54,70,55]",3,N,x,N,5,N,"Was defended, ALOT",3,12,9,18,12,2,12,0,18,0,10,10,42,3,1,0,0
2022ilch,qm,60,2022ilch_qm60,r2,3061,54,Y,3,0,Y,6,0,Y,N,g,"[15,16,15,15]",4,N,x,N,5,N,Got defended and shut down ,3,12,6,12,9,2,12,0,12,0,15,15,41,4,1,0,0
2022ilch,qm,61,2022ilch_qm61,r1,4787,44,Y,0,1,N,0,1,N,N,x,[44],a,N,a,N,2,N,,1,2,1,1,2,2,0,2,0,1,0,0,5,0,0,0,0
2022ilch,qm,61,2022ilch_qm61,r3,5553,32,Y,0,0,N,2,0,N,N,g,"[46,34,22,22]",3,N,x,N,4,N,baited blue into a penalty ,0,0,2,4,2,2,0,0,4,0,10,10,16,3,0,0,0
2022ilch,qm,61,2022ilch_qm61,b3,5125,18,Y,0,1,N,0,0,N,N,g,,2,N,x,N,2,N,Could not keep up with other robots,1,2,0,0,1,2,0,2,0,0,6,6,10,2,0,0,0
2022ilch,qm,61,2022ilch_qm61,b2,677,54,Y,0,1,N,4,0,Y,N,g,,x,N,x,N,4,N,Hit robot in hangar and gave them 15 points,1,2,4,8,5,2,0,2,8,0,0,0,12,0,1,0,0
2022ilch,qm,61,2022ilch_qm61,r2,3488,54,Y,1,0,Y,5,0,Y,N,g,"[42,30,19]",2,N,a,N,3,N,Ran into walls,1,4,5,10,6,2,4,0,10,0,6,6,22,2,1,0,0
2022ilch,qm,61,2022ilch_qm61,b1,8868,29,Y,0,0,N,0,0,N,N,x,,x,N,a,N,4,N,Lost a pushing battle to an every-bot,0,0,0,0,0,2,0,0,0,0,0,0,2,0,0,0,0
2022ilch,qm,62,2022ilch_qm62,b1,2358,29,Y,1,0,Y,6,0,N,N,g,,4,Y,x,N,3,N,Hab bot,1,4,6,12,7,2,4,0,12,0,15,15,33,4,0,0,0
2022ilch,qm,62,2022ilch_qm62,b2,1732,42,Y,4,0,Y,12,0,Y,N,g,,3,N,x,N,5,N,WOW,4,16,12,24,16,2,16,0,24,0,10,10,52,3,1,0,0
2022ilch,qm,62,2022ilch_qm62,r3,6381,44,Y,2,0,Y,4,0,N,N,g,"[44,43,31,31]",2,N,x,N,4,N,shooting innaccurate,2,8,4,8,6,2,8,0,8,0,6,6,24,2,0,0,0
2022ilch,qm,62,2022ilch_qm62,r2,111,54,Y,5,0,Y,14,0,N,N,x,"[53,53,7,20,22,35,9,17,28,7]",x,N,a,N,5,Y,Tipped!!,5,20,14,28,19,2,20,0,28,0,0,0,50,0,0,1,0
2022ilch,qm,62,2022ilch_qm62,r1,4702,44,Y,0,1,N,0,0,N,N,g,,2,N,b,N,1,N,,1,2,0,0,1,2,0,2,0,0,6,6,10,2,0,0,0
2022ilch,qm,62,2022ilch_qm62,b3,8029,54,Y,2,0,N,2,0,Y,N,x,[34],2,N,e,N,4,N,Good defense ,2,8,2,4,4,2,8,0,4,0,6,6,20,2,1,0,0
2022ilch,qm,63,2022ilch_qm63,r3,3352,41,Y,0,0,N,0,2,N,Y,g,"[42,42]",2,N,x,N,2,N,,0,0,2,2,2,2,0,0,0,2,6,6,10,2,0,0,0
2022ilch,qm,63,2022ilch_qm63,b1,5847,42,Y,3,0,Y,6,0,Y,N,g,"[67,54,57,57,40,40,53,53]",4,N,x,N,4,N,,3,12,6,12,9,2,12,0,12,0,15,15,41,4,1,0,0
2022ilch,qm,63,2022ilch_qm63,b2,8802,30,Y,0,0,N,0,0,N,N,x,,1,N,e,N,4,N,,0,0,0,0,0,2,0,0,0,0,4,4,6,1,0,0,0
2022ilch,qm,63,2022ilch_qm63,r1,3734,44,Y,1,0,N,3,0,N,N,g,"[52,41,27,40]",a,N,x,N,2,N,Everybot climber,1,4,3,6,4,2,4,0,6,0,0,0,12,0,0,0,0
2022ilch,qm,63,2022ilch_qm63,b3,2062,41,Y,0,0,N,7,0,Y,N,x,"[29,40,7,39,28]",a,N,x,N,3,N,,0,0,7,14,7,2,0,0,14,0,0,0,16,0,1,0,0
2022ilch,qm,63,2022ilch_qm63,r2,8122,53,Y,0,0,Y,2,0,Y,N,g,"[40,5,54,27,27,15]",a,N,a,N,3,N,Got destroyed by Milwaukee united,0,0,2,4,2,2,0,0,4,0,0,0,6,0,1,0,0
2022ilch,qm,64,2022ilch_qm64,r1,8880,44,Y,1,0,N,2,0,N,N,g,"[10,46,46,46]",2,N,x,N,2,N,Not accurate shooter,1,4,2,4,3,2,4,0,4,0,6,6,16,2,0,0,0
2022ilch,qm,64,2022ilch_qm64,r3,3110,32,Y,0,0,N,0,0,N,N,x,,x,N,x,N,2,Y,"died after auto, doesnt get back up",0,0,0,0,0,2,0,0,0,0,0,0,2,0,0,1,0
2022ilch,qm,64,2022ilch_qm64,b1,2220,17,Y,2,0,Y,8,0,N,N,x,"[17,17,17,17,20,20,19,19]",2,Y,x,N,3,N,,2,8,8,16,10,2,8,0,16,0,6,6,32,2,0,0,0
2022ilch,qm,64,2022ilch_qm64,r2,2830,42,Y,4,0,Y,12,0,Y,N,g,"[42,30,30,31,30,43,42,30,30]",2,N,a,N,4,N,"Good shooter. Decent climb. Fast, not mech",4,16,12,24,16,2,16,0,24,0,6,6,48,2,1,0,0
2022ilch,qm,64,2022ilch_qm64,b3,48,41,Y,3,0,N,9,0,N,N,b,"[39,64,51,51,51,16,51]",a,N,x,N,3,N,Decent shooter,3,12,9,18,12,2,12,0,18,0,0,0,32,0,0,0,0
2022ilch,qm,64,2022ilch_qm64,b3,48,41,Y,3,0,N,9,0,N,N,b,"[39,64,51,51,51,16,51]",a,N,x,N,3,N,Decent shooter,3,12,9,18,12,2,12,0,18,0,0,0,32,0,0,0,0
2022ilch,qm,64,2022ilch_qm64,b2,1739,54,Y,0,1,N,0,5,N,N,g,,x,N,g,N,4,N,,1,2,5,5,6,2,0,2,0,5,0,0,9,0,0,0,0
2022ilch,qm,65,2022ilch_qm65,b1,5822,54,Y,0,1,Y,0,0,N,N,g,,4,Y,b,Y,2,N,,1,2,0,0,1,2,0,2,0,0,15,15,19,4,0,0,1
2022ilch,qm,65,2022ilch_qm65,b3,112,41,Y,2,0,N,15,0,Y,N,x,"[27,27,28,28,5,8,28,57,45,64]",x,N,x,N,4,N,Great shooter ,2,8,15,30,17,2,8,0,30,0,0,0,40,0,1,0,0
2022ilch,qm,65,2022ilch_qm65,r3,8096,56,Y,1,0,Y,0,0,N,N,x,,x,N,e,N,4,Y,"died on the split btwn red + blue, got stuck maybe",1,4,0,0,1,2,4,0,0,0,0,0,6,0,0,1,0
2022ilch,qm,65,2022ilch_qm65,b2,7460,29,Y,0,0,Y,3,0,Y,N,g,,2,N,x,N,3,N,,0,0,3,6,3,2,0,0,6,0,6,6,14,2,1,0,0
2022ilch,qm,65,2022ilch_qm65,r1,4241,31,Y,1,0,N,1,0,N,N,g,"[35,35,46,34]",2,Y,x,N,2,N,Only shoots one ball at a time.,1,4,1,2,2,2,4,0,2,0,6,6,14,2,0,0,0
2022ilch,qm,65,2022ilch_qm65,r2,4292,54,Y,0,0,N,0,2,Y,Y,g,"[43,42,30]",x,N,a,N,2,N,Driver is smart. Switched to defense. Intake broke,0,0,2,2,2,2,0,0,0,2,0,0,4,0,1,0,0
2022ilch,qm,66,2022ilch_qm66,b1,1781,54,Y,0,0,Y,5,0,N,Y,g,,4,N,x,N,3,N,,0,0,5,10,5,2,0,0,10,0,15,15,27,4,0,0,0
2022ilch,qm,66,2022ilch_qm66,b2,2151,41,Y,0,0,N,0,0,N,N,x,,x,N,x,N,1,Y,Died ,0,0,0,0,0,2,0,0,0,0,0,0,2,0,0,1,0
2022ilch,qm,66,2022ilch_qm66,b3,4145,17,Y,1,0,N,0,0,N,N,g,,4,N,x,N,3,N,,1,4,0,0,1,2,4,0,0,0,15,15,21,4,0,0,0
2022ilch,qm,66,2022ilch_qm66,r3,5125,43,Y,0,1,N,0,0,N,N,g,,1,N,a,N,3,N,"couldnt intake, defense mid",1,2,0,0,1,2,0,2,0,0,4,4,8,1,0,0,0
2022ilch,qm,66,2022ilch_qm66,r2,2451,54,Y,4,0,Y,18,0,Y,N,g,[53],3,N,g,N,4,N,Great at everything!,4,16,18,36,22,2,16,0,36,0,10,10,64,3,1,0,0
2022ilch,qm,66,2022ilch_qm66,r1,4096,44,N,0,0,N,1,0,N,N,g,[65],2,N,b,N,3,N,Intake broken,0,0,1,2,1,0,0,0,2,0,6,6,8,2,0,0,0
2022ilch,qm,67,2022ilch_qm67,r3,677,44,Y,0,1,N,0,0,N,N,g,,x,N,a,Y,3,N,"robot very light, almost tipped bc went over balls",1,2,0,0,1,2,0,2,0,0,0,0,4,0,0,0,1
2022ilch,qm,67,2022ilch_qm67,r2,111,54,Y,3,0,Y,17,0,Y,N,g,"[56,56,53,56,56,17,7,9,8,18,8,34,33]",4,N,x,N,5,N,Super fast climb,3,12,17,34,20,2,12,0,34,0,15,15,63,4,1,0,0
2022ilch,qm,67,2022ilch_qm67,b1,6381,29,Y,2,0,Y,4,0,N,Y,x,,1,N,x,N,3,N,Mech wheels,2,8,4,8,6,2,8,0,8,0,4,4,22,1,0,0,0
2022ilch,qm,67,2022ilch_qm67,r1,2338,55,Y,2,0,Y,15,0,N,N,g,"[56,56,56,56,57,57,58,57,57,57,45,45,44]",4,N,x,N,4,N,Auto shoots 2 blue cargo into hangar,2,8,15,30,17,2,8,0,30,0,15,15,55,4,0,0,0
2022ilch,qm,67,2022ilch_qm67,b3,5934,41,Y,0,0,N,0,0,N,N,x,,a,N,g,N,3,N,Were on the defense,0,0,0,0,0,2,0,0,0,0,0,0,2,0,0,0,0
2022ilch,qm,67,2022ilch_qm67,b2,1732,42,Y,5,0,Y,11,0,N,N,g,,3,N,x,N,5,N,,5,20,11,22,16,2,20,0,22,0,10,10,54,3,0,0,0
2022ilch,qm,68,2022ilch_qm68,r1,8029,41,Y,0,2,Y,4,1,N,N,g,"[26,26,26,26,26]",2,N,x,N,2,N,,2,4,5,9,7,2,0,4,8,1,6,6,21,2,0,0,0
2022ilch,qm,68,2022ilch_qm68,b2,2022,30,Y,1,0,N,4,0,N,N,g,,3,Y,x,N,4,N,,1,4,4,8,5,2,4,0,8,0,10,10,24,3,0,0,0
2022ilch,qm,68,2022ilch_qm68,b1,3061,54,Y,2,0,Y,10,0,Y,N,b,"[57,57,66,66]",4,N,x,N,5,N,Started getting called for holding 3 balls,2,8,10,20,12,2,8,0,20,0,15,15,45,4,1,0,0
2022ilch,qm,68,2022ilch_qm68,b3,4645,41,Y,0,0,N,0,1,N,N,g,"[26,25]",x,N,x,N,3,N,Problem with the shooter?,0,0,1,1,1,2,0,0,0,1,0,0,3,0,0,0,0
2022ilch,qm,68,2022ilch_qm68,r2,3067,17,Y,0,1,N,0,0,N,N,g,,x,N,x,N,1,N,Died immediately after auto,1,2,0,0,1,2,0,2,0,0,0,0,4,0,0,0,0
2022ilch,qm,68,2022ilch_qm68,r3,8122,20,Y,0,0,Y,1,0,N,N,g,[23],2,N,a,N,4,N,almost tipped once,0,0,1,2,1,2,0,0,2,0,6,6,10,2,0,0,0
2022ilch,qm,69,2022ilch_qm69,b1,4702,29,Y,0,0,N,0,0,N,N,x,,x,N,b,N,2,N,,0,0,0,0,0,2,0,0,0,0,0,0,2,0,0,0,0
2022ilch,qm,69,2022ilch_qm69,b2,3695,29,Y,2,0,Y,6,0,N,N,g,,3,N,x,N,2,N,,2,8,6,12,8,2,8,0,12,0,10,10,32,3,0,0,0
2022ilch,qm,69,2022ilch_qm69,r2,5847,54,Y,2,0,Y,14,0,Y,N,g,"[40,53,41,69,9,34,68,53,57]",4,N,x,N,3,N,Good shooter. Great climb ,2,8,14,28,16,2,8,0,28,0,15,15,53,4,1,0,0
2022ilch,qm,69,2022ilch_qm69,r3,3488,43,Y,2,0,Y,7,0,N,Y,g,"[43,43,31,42]",2,N,x,N,4,N,kept smashing into things like wall,2,8,7,14,9,2,8,0,14,0,6,6,30,2,0,0,0
2022ilch,qm,69,2022ilch_qm69,r1,8868,43,Y,0,0,N,0,0,N,N,x,,x,N,a,N,3,N,,0,0,0,0,0,2,0,0,0,0,0,0,2,0,0,0,0
2022ilch,qm,69,2022ilch_qm69,b3,7560,55,Y,0,0,N,0,0,N,N,x,,x,N,x,N,3,N,Seems non functional other than moving,0,0,0,0,0,2,0,0,0,0,0,0,2,0,0,0,0
2022ilch,qm,70,2022ilch_qm70,b1,5553,29,Y,1,0,N,7,3,Y,N,x,"[53,53,66,29,29,53,53,7,7,17]",x,N,x,N,3,N,,1,4,10,17,11,2,4,0,14,3,0,0,23,0,1,0,0
2022ilch,qm,70,2022ilch_qm70,b2,3734,54,Y,0,0,Y,4,2,Y,N,g,,x,N,x,N,2,N,,0,0,6,10,6,2,0,0,8,2,0,0,12,0,1,0,0
2022ilch,qm,70,2022ilch_qm70,r1,4787,42,Y,0,1,N,0,6,N,N,g,"[30,41]",2,N,x,N,2,N,scoring mechanism broke,1,2,6,6,7,2,0,2,0,6,6,6,16,2,0,0,0
2022ilch,qm,70,2022ilch_qm70,r3,101,19,Y,0,0,N,0,0,N,N,g,[17],x,N,b,N,2,N,Couldnt shoot and failed to defend,0,0,0,0,0,2,0,0,0,0,0,0,2,0,0,0,0
2022ilch,qm,70,2022ilch_qm70,r2,8802,29,Y,0,0,N,0,0,Y,N,x,,2,N,g,N,3,N,Good defense. But ran into literally everything,0,0,0,0,0,2,0,0,0,0,6,6,8,2,1,0,0
2022ilch,qm,70,2022ilch_qm70,b3,2358,17,Y,1,0,N,4,0,N,N,g,"[29,41]",4,N,x,N,4,N,,1,4,4,8,5,2,4,0,8,0,15,15,29,4,0,0,0
,,,_,,,,,,,,,,,,,,,,,,,,,0,0,0,0,0,0,0,0,0,,0,0,0,0,0,0,0
2022ilch,qm,71,2022ilch_qm71,r2,8096,29,Y,1,0,Y,0,0,Y,N,g,,2,N,e,N,4,N,Great defense ,1,4,0,0,1,2,4,0,0,0,6,6,12,2,1,0,0
2022ilch,qm,71,2022ilch_qm71,r1,6651,54,N,0,0,N,0,0,N,N,x,,x,N,a,N,2,N,climber malfunction ,0,0,0,0,0,0,0,0,0,0,0,0,0,0,0,0,0
2022ilch,qm,71,2022ilch_qm71,r3,7237,42,N,0,0,N,0,0,N,N,x,,2,N,b,N,3,N,Keep running into own team,0,0,0,0,0,0,0,0,0,0,6,6,6,2,0,0,0
2022ilch,qm,71,2022ilch_qm71,b3,7460,17,Y,2,0,N,4,0,N,N,g,"[28,53,28,7]",3,Y,x,N,4,N,"Accurate shooter, but balls bounced out",2,8,4,8,6,2,8,0,8,0,10,10,28,3,0,0,0
2022ilch,qm,72,2022ilch_qm72,b1,2451,54,Y,4,0,Y,11,0,Y,N,b,,3,N,x,N,5,N,,4,16,11,22,15,2,16,0,22,0,10,10,50,3,1,0,0
2022ilch,qm,72,2022ilch_qm72,b2,6381,17,Y,2,0,Y,5,1,N,N,g,,2,N,a,N,3,N,Intake was meh,2,8,6,11,8,2,8,0,10,1,6,6,27,2,0,0,0
2022ilch,qm,72,2022ilch_qm72,r1,3110,29,N,0,0,N,0,0,N,N,x,,x,N,x,N,3,Y,,0,0,0,0,0,0,0,0,0,0,0,0,0,0,0,1,0
2022ilch,qm,72,2022ilch_qm72,r3,5934,29,Y,0,2,Y,0,2,N,Y,g,"[42,42]",3,N,a,N,3,N,,2,4,2,2,4,2,0,4,0,2,10,10,18,3,0,0,0
2022ilch,qm,72,2022ilch_qm72,r2,3352,42,Y,0,1,N,0,2,Y,N,g,"[43,42]",2,N,a,N,2,N,,1,2,2,2,3,2,0,2,0,2,6,6,12,2,1,0,0
2022ilch,qm,72,2022ilch_qm72,b3,4292,41,Y,0,0,N,0,0,N,N,g,,3,N,a,N,3,N,,0,0,0,0,0,2,0,0,0,0,10,10,12,3,0,0,0
2022ilch,qm,79,2022ilch_qm79,b1,8122,42,N,0,0,N,2,0,N,N,g,"[33,66,56,57,44,55]",a,N,x,N,3,N,,0,0,2,4,2,0,0,0,4,0,0,0,4,0,0,0,0
2022ilch,qm,73,2022ilch_qm73,r3,2151,32,Y,0,0,N,0,0,N,N,x,,x,N,b,N,2,N,,0,0,0,0,0,2,0,0,0,0,0,0,2,0,0,0,0
2022ilch,qm,74,2022ilch_qm74,r3,1739,31,Y,0,1,N,0,1,N,N,x,"[19,31,19,19]",x,N,x,N,1,N,Everybot intake and climber,1,2,1,1,2,2,0,2,0,1,0,0,5,0,0,0,0
2022ilch,qm,75,2022ilch_qm75,r2,3695,56,Y,1,0,Y,7,0,N,N,x,"[66,66,7,7,66,66,7,7]",2,N,x,N,2,N,Not fast enough,1,4,7,14,8,2,4,0,14,0,6,6,26,2,0,0,0
2022ilch,qm,76,2022ilch_qm76,r3,3488,43,Y,1,0,Y,4,0,Y,N,g,"[42,54,42,42]",2,N,x,N,3,N,,1,4,4,8,5,2,4,0,8,0,6,6,20,2,1,0,0
2022ilch,qm,77,2022ilch_qm77,r3,7560,43,Y,0,0,N,0,0,N,N,x,,2,N,x,N,2,Y,Problem with their USB cord. Fixed it,0,0,0,0,0,2,0,0,0,0,6,6,8,2,0,1,0
2022ilch,qm,78,2022ilch_qm78,r3,3061,19,Y,2,0,Y,6,0,N,N,g,"[28,51,39,27,7,7,7,45,45,45,44,16]",4,Y,x,N,4,N,1st ball in shooter gets spat out,2,8,6,12,8,2,8,0,12,0,15,15,37,4,0,0,0
2022ilch,qm,79,2022ilch_qm79,r3,7460,44,Y,0,0,N,6,0,N,N,g,"[34,65,65,65,21,52,56]",2,Y,x,N,4,N,,0,0,6,12,6,2,0,0,12,0,6,6,20,2,0,0,0
2022ilch,qm,79,2022ilch_qm79,b3,4096,17,Y,2,0,N,8,0,N,N,x,"[44,56,58,57,53,22,22,8,40,28]",x,N,a,N,3,N,,2,8,8,16,10,2,8,0,16,0,0,0,26,0,0,0,0
2022ilch,qm,73,2022ilch_qm73,b3,4645,41,Y,0,0,N,0,0,N,N,g,"[38,38]",x,N,x,N,3,N,Intake is not consistent ,0,0,0,0,0,2,0,0,0,0,0,0,2,0,0,0,0
2022ilch,qm,74,2022ilch_qm74,b3,2022,29,Y,2,0,N,0,0,N,N,g,,x,N,a,Y,3,N,,2,8,0,0,2,2,8,0,0,0,0,0,10,0,0,0,1
2022ilch,qm,75,2022ilch_qm75,b3,4787,41,Y,0,0,N,0,0,N,N,x,,2,N,x,N,2,N,Very prone to tipping,0,0,0,0,0,2,0,0,0,0,6,6,8,2,0,0,0
2022ilch,qm,76,2022ilch_qm76,b3,3734,18,Y,1,0,N,5,0,N,N,x,"[54,44,31,29]",2,N,x,N,3,N,,1,4,5,10,6,2,4,0,10,0,6,6,22,2,0,0,0
2022ilch,qm,77,2022ilch_qm77,b3,7237,54,Y,0,0,N,2,0,N,N,g,"[30,30,30]",2,N,x,N,3,N,Only shoots into lower hub,0,0,2,4,2,2,0,0,4,0,6,6,12,2,0,0,0
2022ilch,qm,78,2022ilch_qm78,b3,5553,41,Y,2,0,N,0,0,N,N,x,"[65,64]",a,Y,x,N,3,N,,2,8,0,0,2,2,8,0,0,0,0,0,10,0,0,0,0
2022ilch,qm,71,2022ilch_qm71,r2,8096,29,Y,1,0,Y,0,0,Y,N,g,,2,N,e,N,4,N,Great defense ,1,4,0,0,1,2,4,0,0,0,6,6,12,2,1,0,0
2022ilch,qm,73,2022ilch_qm73,r2,2830,53,Y,4,0,Y,8,0,Y,N,g,"[42,30,42,30,29,19]",2,N,x,N,4,N,Good shooter,4,16,8,16,12,2,16,0,16,0,6,6,40,2,1,0,0
2022ilch,qm,74,2022ilch_qm74,r2,2062,54,Y,1,1,Y,0,0,N,N,g,,2,N,e,N,3,N,Great defense on gear it forward,2,6,0,0,2,2,4,2,0,0,6,6,14,2,0,0,0
2022ilch,qm,75,2022ilch_qm75,r2,3695,17,Y,1,0,Y,6,0,N,N,g,"[6,19,8,21,20,53]",2,N,x,N,3,N,Decent shooter. Not very fast,1,4,6,12,7,2,4,0,12,0,6,6,24,2,0,0,0
2022ilch,qm,76,2022ilch_qm76,r2,48,42,Y,3,0,Y,8,0,Y,N,g,"[40,67,21,9]",4,N,g,N,4,N,Good shooter and auto. Traversal climb takes 30s,3,12,8,16,11,2,12,0,16,0,15,15,45,4,1,0,0
2022ilch,qm,77,2022ilch_qm77,r2,1732,54,Y,4,0,Y,15,0,Y,N,g,"[53,55,20,28,40,16,8,27,65]",2,N,a,N,5,N,,4,16,15,30,19,2,16,0,30,0,6,6,54,2,1,0,0
2022ilch,qm,78,2022ilch_qm78,r1,3067,29,Y,1,0,Y,0,3,Y,N,g,"[31,30]",2,N,a,N,2,N,Meh,1,4,3,3,4,2,4,0,0,3,6,6,15,2,1,0,0
2022ilch,qm,79,2022ilch_qm79,r2,2451,54,Y,3,0,Y,15,0,Y,N,g,"[36,21,17,11]",x,N,g,N,4,N,,3,12,15,30,18,2,12,0,30,0,0,0,44,0,1,0,0
2022ilch,qm,78,2022ilch_qm78,b1,1625,17,Y,1,0,Y,2,0,N,N,x,,x,N,x,N,3,Y,,1,4,2,4,3,2,4,0,4,0,0,0,10,0,0,1,0
2022ilch,qm,77,2022ilch_qm77,b1,8880,29,Y,1,0,N,2,0,N,N,g,"[27,27]",2,N,x,N,3,N,,1,4,2,4,3,2,4,0,4,0,6,6,16,2,0,0,0
2022ilch,qm,76,2022ilch_qm76,b1,6651,54,N,1,0,N,4,1,N,N,x,,a,N,x,N,3,N,Mech wheels + every-climb,1,4,5,9,6,0,4,0,8,1,0,0,13,0,0,0,0
2022ilch,qm,75,2022ilch_qm75,b1,2358,17,Y,0,0,N,8,0,N,N,x,,4,N,x,N,4,N,,0,0,8,16,8,2,0,0,16,0,15,15,33,4,0,0,0
2022ilch,qm,74,2022ilch_qm74,b1,2338,42,Y,2,0,Y,6,0,Y,N,b,"[27,15,27,15,15]",4,Y,x,N,4,N,2062 was able to shut them down,2,8,6,12,8,2,8,0,12,0,15,15,37,4,1,0,0
2022ilch,qm,73,2022ilch_qm73,b1,5822,54,Y,0,1,Y,0,1,N,Y,g,,4,Y,a,Y,3,N,,1,2,1,1,2,2,0,2,0,1,15,15,20,4,0,0,1
2022ilch,qm,79,2022ilch_qm79,b2,1739,41,Y,0,1,N,0,0,N,N,g,,x,N,a,N,2,N,Kinda just drove around,1,2,0,0,1,2,0,2,0,0,0,0,4,0,0,0,0
2022ilch,qm,78,2022ilch_qm78,b2,111,54,Y,5,0,Y,15,0,N,N,g,,3,N,x,N,3,N,Knocked a team off of traversal ,5,20,15,30,20,2,20,0,30,0,10,10,62,3,0,0,0
2022ilch,qm,77,2022ilch_qm77,b2,101,54,Y,0,0,N,0,0,N,N,x,,x,N,e,N,3,N,"Robot got beat up and had trouble, defened hilltop",0,0,0,0,0,2,0,0,0,0,0,0,2,0,0,0,0
2022ilch,qm,76,2022ilch_qm76,b2,8868,41,Y,0,0,N,0,0,N,N,x,,x,N,g,N,3,N,,0,0,0,0,0,2,0,0,0,0,0,0,2,0,0,0,0
2022ilch,qm,74,2022ilch_qm74,b2,8029,41,Y,1,0,N,0,0,N,N,x,,2,Y,x,N,3,N,Climbed immediately ,1,4,0,0,1,2,4,0,0,0,6,6,12,2,0,0,0
2022ilch,qm,73,2022ilch_qm73,b2,677,30,Y,0,0,Y,1,0,N,N,g,,x,N,x,N,2,N,,0,0,1,2,1,2,0,0,2,0,0,0,4,0,0,0,0
2022ilch,qm,74,2022ilch_qm74,r1,5125,43,Y,0,2,Y,0,2,N,N,g,"[43,43]",2,N,a,N,3,N,kinda mid,2,4,2,2,4,2,0,4,0,2,6,6,14,2,0,0,0
2022ilch,qm,75,2022ilch_qm75,r1,4241,32,Y,0,0,N,0,0,N,N,g,[46],4,Y,a,N,2,N,almost tipped once,0,0,0,0,0,2,0,0,0,0,15,15,17,4,0,0,0
2022ilch,qm,76,2022ilch_qm76,r1,8802,56,N,0,0,N,0,0,N,N,x,,x,N,e,N,5,N,very aggressive,0,0,0,0,0,0,0,0,0,0,0,0,0,0,0,0,0
2022ilch,qm,77,2022ilch_qm77,r1,4145,32,Y,0,0,N,1,0,N,N,g,"[46,57]",4,Y,g,N,5,N,intake kinda stopped working,0,0,1,2,1,2,0,0,2,0,15,15,19,4,0,0,0
2022ilch,qm,78,2022ilch_qm78,r1,3067,44,Y,0,0,N,0,2,N,Y,g,[43],2,N,x,N,2,N,so mid,0,0,2,2,2,2,0,0,0,2,6,6,10,2,0,0,0
2022ilch,qm,79,2022ilch_qm79,r1,2220,44,Y,0,0,N,4,0,N,N,g,"[19,19]",4,Y,x,N,4,N,,0,0,4,8,4,2,0,0,8,0,15,15,25,4,0,0,0
2022ilch,qm,75,2022ilch_qm75,b2,4702,32,Y,0,0,N,0,0,N,N,x,[32],2,N,b,Y,1,N,,0,0,0,0,0,2,0,0,0,0,6,6,8,2,0,0,1
2022ilch,qm,73,2022ilch_qm73,r1,112,29,Y,1,0,N,7,0,Y,N,x,"[18,29]",3,N,x,N,3,N,,1,4,7,14,8,2,4,0,14,0,10,10,30,3,1,0,0