id,match_id,robot_id,created_at,created_by,updated_at,updated_by,available,field4,field5,field6,field7,field8,field9,field10,field11,field12,field13,field15,field16,field17,field18,field19,field20,field21,field14,field4,field5,field6,field7,field8,field9,field10,field11,field12,field13,field15,field16,field17,field18,field19,field20,field21,field14
15,Q1,2341,2023-04-07 13:56:04.208607,Ely,2023-04-07 13:56:04.208607,Ely,True,1,,,,,,0,,2.0,,['1'],['1'],2,0,0,2.0,0,,1,,,,,,0,,2.0,,['1'],['1'],2,0,0,2.0,0,
16,Q3,2773,2023-04-07 14:13:48.317839,Ely,2023-04-07 14:13:48.317839,Ely,True,3,,,1.0,['3'],['1'],1,,,,['3'],['1'],2,0,1,1.0,0,1.0,3,,,1.0,['3'],['1'],1,,,,['3'],['1'],2,0,1,1.0,0,1.0
17,Q4,2972,2023-04-07 14:23:31.396379,Ely,2023-04-07 14:23:31.396379,Ely,True,1,,,1.0,['1'],['2'],0,,1.0,2.0,"['1', '2']",['2'],2,0,0,,0,,1,,,1.0,['1'],['2'],0,,1.0,2.0,"['1', '2']",['2'],2,0,0,,0,
18,Q5,2357,2023-04-07 14:30:46.247915,Ely,2023-04-07 14:30:46.247915,Ely,True,3,,,1.0,['3'],['1'],1,,1.0,1.0,"['3', '2', '1']",['3'],2,0,0,,0,2.0,3,,,1.0,['3'],['1'],1,,1.0,1.0,"['3', '2', '1']",['3'],2,0,0,,0,2.0
19,Q6,2410,2023-04-07 14:40:39.783537,Ely,2023-04-07 14:40:39.783537,Ely,True,1,,,,,,1,,3.0,,"['2', '1']",['2'],2,0,0,,0,,1,,,,,,1,,3.0,,"['2', '1']",['2'],2,0,0,,0,
20,Q7,1986,2023-04-07 14:55:56.634163,Ely,2023-04-07 14:55:56.634163,Ely,True,3,,,2.0,['3'],['3'],1,,1.0,3.0,"['3', '2']",['3'],2,0,0,3.0,0,,3,,,2.0,['3'],['3'],1,,1.0,3.0,"['3', '2']",['3'],2,0,0,3.0,0,
21,Q8,6026,2023-04-07 15:06:48.586665,Ely,2023-04-07 15:06:48.586665,Ely,True,3,,,,,,0,,,,['1'],['3'],2,0,0,,1,3.0,3,,,,,,0,,,,['1'],['3'],2,0,0,,1,3.0
22,Q8,31,2023-04-07 15:07:05.627072,Saris,2023-04-07 15:07:05.627072,Saris,True,1,0.0,,,[],[],1,1,3.0,,"['1', '2', '3']",['2'],1,0,0,,0,,1,0.0,,,[],[],1,1,3.0,,"['1', '2', '3']",['2'],1,0,0,,0,
23,Q9,1750,2023-04-07 15:14:55.506696,Ely,2023-04-07 15:14:55.506696,Ely,True,3,1.0,,,['3'],['1'],1,,,,,,,0,0,,0,,3,1.0,,,['3'],['1'],1,,,,,,,0,0,,0,
24,Q9,2341,2023-04-07 15:15:04.553016,Saris,2023-04-07 15:15:04.553016,Saris,True,1,1.0,,,['1'],['1'],0,,3.0,,['1'],['1'],0,0,0,,0,,1,1.0,,,['1'],['1'],0,,3.0,,['1'],['1'],0,0,0,,0,
25,Q10,7744,2023-04-07 15:24:48.289642,Ely,2023-04-07 15:24:48.289642,Ely,True,3,,,,,,0,,,,,,2,1,0,,0,,3,,,,,,0,,,,,,2,1,0,,0,
26,Q11,1561,2023-04-07 15:33:23.064814,Ely,2023-04-07 15:33:23.064814,Ely,True,2,,,,,,0,2,3.0,2.0,"['2', '1', '3']",['2'],2,1,1,4.0,0,2.0,2,,,,,,0,2,3.0,2.0,"['2', '1', '3']",['2'],2,1,1,4.0,0,2.0
28,Q10,2410,2023-04-07 15:37:54.325035,Saris,2023-04-07 15:37:54.325035,Saris,True,1,1.0,,,['1'],['2'],1,,3.0,,"['2', '3']",['2'],0,0,1,2.0,1,,1,1.0,,,['1'],['2'],1,,3.0,,"['2', '3']",['2'],0,0,1,2.0,1,
29,Q12,2083,2023-04-07 15:40:33.666897,Ely,2023-04-07 15:40:33.666897,Ely,True,1,,,,,,0,,1.0,1.0,"['1', '2']",['2'],2,0,0,,0,1.0,1,,,,,,0,,1.0,1.0,"['1', '2']",['2'],2,0,0,,0,1.0
30,Q12,2083,2023-04-07 15:40:58.817563,Saris ,2023-04-07 15:40:58.817563,Saris ,True,1,,,,,,0,,,2.0,['1'],['1'],0,0,0,,0,,1,,,,,,0,,,2.0,['1'],['1'],0,0,0,,0,
31,Q13,8064,2023-04-07 15:49:31.820018,Saris ,2023-04-07 15:49:31.820018,Saris ,True,1,,,,,,0,,1.0,,['1'],['2'],2,0,0,,1,,1,,,,,,0,,1.0,,['1'],['2'],2,0,0,,1,
32,Q13,5013,2023-04-07 15:50:15.756594,Ely,2023-04-07 15:50:15.756594,Ely,True,,,,,,,0,1,,0.0,['2'],['1'],2,0,0,,0,3.0,,,,,,,0,1,,0.0,['2'],['1'],2,0,0,,0,3.0
33,Q14,6026,2023-04-07 16:00:41.773650,Armando,2023-04-07 16:00:41.773650,Armando,True,1,1.0,,,['3'],['1'],1,,3.0,1.0,"['2', '1']",['1'],2,0,0,,0,,1,1.0,,,['3'],['1'],1,,3.0,1.0,"['2', '1']",['1'],2,0,0,,0,
34,Q14,3160,2023-04-07 16:00:57.926872,Grecia,2023-04-07 16:00:57.926872,Grecia,True,1,0.0,2.0,,['1'],['3'],1,,,2.0,['1'],['1'],2,0,0,,0,,1,0.0,2.0,,['1'],['3'],1,,,2.0,['1'],['1'],2,0,0,,0,
35,Q14,9244,2023-04-07 16:01:06.164327,Saris ,2023-04-07 16:01:06.164327,Saris ,True,1,,,,,,0,,,,,,0,0,0,,1,,1,,,,,,0,,,,,,0,0,0,,1,
36,Q14,6026,2023-04-07 16:01:16.652460,Ely,2023-04-07 16:01:16.652460,Ely,True,3,,,,,,1,,2.0,,['2'],['1'],2,0,0,,0,,3,,,,,,1,,2.0,,['2'],['1'],2,0,0,,0,
37,Q14,2359,2023-04-07 16:01:20.315078,Grecia,2023-04-07 16:01:20.315078,Grecia,True,2,,1.0,,['2'],['1'],0,1,3.0,,['2'],['3'],,0,0,,0,,2,,1.0,,['2'],['1'],0,1,3.0,,['2'],['3'],,0,0,,0,
38,Q14,1986,2023-04-07 16:01:39.201715,Grecia,2023-04-07 16:01:39.201715,Grecia,True,3,1.0,,1.0,['3'],['2'],1,,1.0,,['3'],['3'],2,0,0,,0,1.0,3,1.0,,1.0,['3'],['2'],1,,1.0,,['3'],['3'],2,0,0,,0,1.0
39,Q14,1986,2023-04-07 16:01:41.114705,Grecia,2023-04-07 16:01:41.114705,Grecia,True,3,1.0,,1.0,['3'],['2'],1,,1.0,,['3'],['3'],2,0,0,,0,1.0,3,1.0,,1.0,['3'],['2'],1,,1.0,,['3'],['3'],2,0,0,,0,1.0
40,Q15,6832,2023-04-07 16:07:15.586328,Armando,2023-04-07 16:07:15.586328,Armando,True,1,1.0,,,['3'],['2'],0,,1.0,,['3'],['2'],0,0,0,,0,,1,1.0,,,['3'],['2'],0,,1.0,,['3'],['2'],0,0,0,,0,
41,Q16,2410,2023-04-07 16:14:30.972735,Armando ,2023-04-07 16:14:30.972735,Armando ,True,3,,,,,,1,,1.0,1.0,['3'],['2'],2,0,0,,0,,3,,,,,,1,,1.0,1.0,['3'],['2'],2,0,0,,0,
42,Q15,4646,2023-04-07 16:14:59.122009,Saris,2023-04-07 16:14:59.122009,Saris,True,2,,1.0,,['2'],['2'],1,1,3.0,,"['2', '1']",['1'],1,0,1,8.0,0,,2,,1.0,,['2'],['2'],1,1,3.0,,"['2', '1']",['1'],1,0,1,8.0,0,
43,Q16,8191,2023-04-07 16:15:34.306826,Saris,2023-04-07 16:15:34.306826,Saris,True,3,,,,,,0,,,,,,1,0,0,,1,,3,,,,,,0,,,,,,1,0,0,,1,
44,Q16,2773,2023-04-07 16:15:46.232383,Ely,2023-04-07 16:15:46.232383,Ely,True,3,,,,,,1,,,,"['2', '3']",['1'],2,0,0,,0,3.0,3,,,,,,1,,,,"['2', '3']",['1'],2,0,0,,0,3.0
45,Q17,2373,2023-04-07 16:23:20.984415,A,2023-04-07 16:23:20.984415,A,True,,,,,,,,,1.0,1.0,['2'],,1,0,0,,,,,,,,,,,,1.0,1.0,['2'],,1,0,0,,,
46,Q17,2306,2023-04-07 16:23:21.987359,A,2023-04-07 16:23:21.987359,A,True,,,,,,,1,,,1.0,,['1'],2,0,0,,0,,,,,,,,1,,,1.0,,['1'],2,0,0,,0,
47,Q17,935,2023-04-07 16:23:40.282583,Ely,2023-04-07 16:23:40.282583,Ely,True,3,,,,,,0,,2.0,0.0,"['3', '2']",['1'],2,0,0,,0,1.0,3,,,,,,0,,2.0,0.0,"['3', '2']",['1'],2,0,0,,0,1.0
49,Q17,2341,2023-04-07 16:24:20.021872,Saris ,2023-04-07 16:24:20.021872,Saris ,True,3,,,,,,0,,,1.0,['3'],['1'],1,0,0,,0,,3,,,,,,0,,,1.0,['3'],['1'],1,0,0,,0,
52,Q18,3179,2023-04-07 16:29:37.116273,Ely,2023-04-07 16:29:37.116273,Ely,True,3,,,,,,0,,,,"['1', '2']",['1'],2,0,0,,0,3.0,3,,,,,,0,,,,"['1', '2']",['1'],2,0,0,,0,3.0
53,Q18,31,2023-04-07 16:30:10.010763,Saris,2023-04-07 16:30:10.010763,Saris,True,3,,1.0,,['3'],['2'],1,,,,,,0,0,0,,1,,3,,1.0,,['3'],['2'],1,,,,,,0,0,0,,1,
55,Q18,2165,2023-04-07 16:30:22.175526,Ely ,2023-04-07 16:30:22.175526,Ely ,True,2,,,1.0,['2'],,0,2,,,"['2', '1']",['3'],2,0,0,,0,3.0,2,,,1.0,['2'],,0,2,,,"['2', '1']",['3'],2,0,0,,0,3.0
56,Q18,2165,2023-04-07 16:31:12.568062,Saris,2023-04-07 16:31:12.568062,Saris,True,2,,1.0,,['2'],['1'],1,1,,3.0,"['1', '2', '3']",['3'],0,0,1,8.0,0,,2,,1.0,,['2'],['1'],1,1,,3.0,"['1', '2', '3']",['3'],0,0,1,8.0,0,
48,Q17,7744,2023-04-07 16:23:45.913175,Saris,2023-04-07 16:23:45.913175,Saris,True,2,,,,,,0,,,1.0,['2'],['1'],1,0,0,,0,,2,,,,,,0,,,1.0,['2'],['1'],1,0,0,,0,
50,Q17,7744,2023-04-07 16:25:11.089961,Ely,2023-04-07 16:25:11.089961,Ely,True,2,,,,,,0,,,,,,,0,1,1.0,0,,2,,,,,,0,,,,,,,0,1,1.0,0,
51,Q18,8086,2023-04-07 16:29:19.896357,Armando ,2023-04-07 16:29:19.896357,Armando ,True,3,1.0,,,,,,,0.0,,,,2,0,1,4.0,0,,3,1.0,,,,,,,0.0,,,,2,0,1,4.0,0,
54,Q18,31,2023-04-07 16:30:10.057896,Saris,2023-04-07 16:30:10.057896,Saris,True,3,,1.0,,['3'],['2'],1,,,,,,0,0,0,,1,,3,,1.0,,['3'],['2'],1,,,,,,0,0,0,,1,
57,Q19,3465,2023-04-07 16:36:47.004271,A,2023-04-07 16:36:47.004271,A,True,1,0.0,0.0,0.0,[],[],1,,1.0,1.0,"['2', '3']",['2'],2,0,0,,0,1.0,1,0.0,0.0,0.0,[],[],1,,1.0,1.0,"['2', '3']",['2'],2,0,0,,0,1.0
58,Q19,8711,2023-04-07 16:36:49.717295,Ely,2023-04-07 16:36:49.717295,Ely,True,2,,,,,,0,,2.0,2.0,"['2', '1']",['2'],,0,0,,0,,2,,,,,,0,,2.0,2.0,"['2', '1']",['2'],,0,0,,0,
59,Q19,3465,2023-04-07 16:36:49.927427,A,2023-04-07 16:36:49.927427,A,True,1,0.0,0.0,0.0,[],[],1,,1.0,1.0,"['2', '3']",['2'],2,0,0,,0,1.0,1,0.0,0.0,0.0,[],[],1,,1.0,1.0,"['2', '3']",['2'],2,0,0,,0,1.0
60,Q19,3160,2023-04-07 16:36:54.042772,Saris,2023-04-07 16:36:54.042772,Saris,True,2,,1.0,,['2'],['2'],1,,,3.0,"['2', '3']",['3'],0,0,1,8.0,0,,2,,1.0,,['2'],['2'],1,,,3.0,"['2', '3']",['3'],0,0,1,8.0,0,
61,Q19,3160,2023-04-07 16:38:36.408520,Ely,2023-04-07 16:38:36.408520,Ely,True,3,1.0,0.0,0.0,['1'],['1'],1,2,,2.0,"['1', '2', '3']",['1'],2,0,1,3.0,0,,3,1.0,0.0,0.0,['1'],['1'],1,2,,2.0,"['1', '2', '3']",['1'],2,0,1,3.0,0,
62,Q20,9244,2023-04-07 16:43:35.848359,A,2023-04-07 16:43:35.848359,A,True,1,,,,,,0,,1.0,,,['1'],,,,,,,1,,,,,,0,,1.0,,,['1'],,,,,,
63,Q20,3163,2023-04-07 16:43:39.780901,A,2023-04-07 16:43:39.780901,A,True,1,,,,,,0,,,1.0,,['2'],,,,,,,1,,,,,,0,,,1.0,,['2'],,,,,,
64,Q21,2333,2023-04-07 16:51:02.471067,A,2023-04-07 16:51:02.471067,A,True,,,,,,,1,,,,['2'],['3'],2,,,,,4.0,,,,,,,1,,,,['2'],['3'],2,,,,,4.0
65,Q20,3507,2023-04-07 16:51:06.308222,A,2023-04-07 16:51:06.308222,A,True,,,,,,,,,,,[],,,,,,0,0.0,,,,,,,,,,,[],,,,,,0,0.0
66,Q21,2333,2023-04-07 16:51:12.413563,Ely,2023-04-07 16:51:12.413563,Ely,True,1,,,1.0,['3'],['2'],1,,1.0,,"['2', '1']",['3'],1,0,0,,0,2.0,1,,,1.0,['3'],['2'],1,,1.0,,"['2', '1']",['3'],1,0,0,,0,2.0
67,Q21,3507,2023-04-07 16:51:46.095893,Ely,2023-04-07 16:51:46.095893,Ely,True,,,,,,,0,,,,,,,0,0,,1,,,,,,,,0,,,,,,,0,0,,1,
68,Q21,6424,2023-04-07 16:51:48.730580,Saris,2023-04-07 16:51:48.730580,Saris,True,2,,,,[],,1,1,5.0,,"['1', '2', '3']",['1'],0,0,0,,0,,2,,,,[],,1,1,5.0,,"['1', '2', '3']",['1'],0,0,0,,0,
69,Q22,3931,2023-04-07 16:57:52.030400,Ely,2023-04-07 16:57:52.030400,Ely,True,3,,,,,,,2,2.0,1.0,"['2', '1']",['2'],2,0,0,,0,,3,,,,,,,2,2.0,1.0,"['2', '1']",['2'],2,0,0,,0,
70,Q22,1209,2023-04-07 16:58:10.050528,Ely,2023-04-07 16:58:10.050528,Ely,True,2,1.0,,,['3'],,1,2,1.0,,"['2', '3']",,2,0,0,,0,1.0,2,1.0,,,['3'],,1,2,1.0,,"['2', '3']",,2,0,0,,0,1.0
71,Q24,4613,2023-04-07 18:10:10.382855,A,2023-04-07 18:10:10.382855,A,True,,1.0,,,['3'],['2'],1,,,1.0,,,2,0,0,,0,0.0,,1.0,,,['3'],['2'],1,,,1.0,,,2,0,0,,0,0.0
72,Q24,1561,2023-04-07 18:10:41.562862,Ely,2023-04-07 18:10:41.562862,Ely,True,2,,,,,,0,2,4.0,2.0,"['1', '2', '3']",['2'],2,1,1,6.0,0,1.0,2,,,,,,0,2,4.0,2.0,"['1', '2', '3']",['2'],2,1,1,6.0,0,1.0
73,Q24,2359,2023-04-07 18:11:56.821242,Ely,2023-04-07 18:11:56.821242,Ely,True,2,,,1.0,['2'],,0,1,3.0,,"['3', '1']",['1'],2,0,0,,0,,2,,,1.0,['2'],,0,1,3.0,,"['3', '1']",['1'],2,0,0,,0,
74,Q25,5006,2023-04-07 18:18:15.567353,Ely,2023-04-07 18:18:15.567353,Ely,True,2,,,1.0,['2'],,1,1,,,"['2', '3']",['3'],2,1,1,4.0,0,3.0,2,,,1.0,['2'],,1,1,,,"['2', '3']",['3'],2,1,1,4.0,0,3.0
75,Q25,1806,2023-04-07 18:19:06.959252,Ely,2023-04-07 18:19:06.959252,Ely,True,2,,,1.0,['2'],['1'],0,2,,1.0,"['3', '2']",['1'],2,0,0,,0,3.0,2,,,1.0,['2'],['1'],0,2,,1.0,"['3', '2']",['1'],2,0,0,,0,3.0
76,Q25,2341,2023-04-07 18:19:35.577384,Armando ,2023-04-07 18:19:35.577384,Armando ,True,1,,,,,,,,,1.0,,['1'],2,0,1,3.0,0,0.0,1,,,,,,,,,1.0,,['1'],2,0,1,3.0,0,0.0
77,Q25,1339,2023-04-07 18:19:39.475628,Armando,2023-04-07 18:19:39.475628,Armando,True,1,,,1.0,,,,,3.0,,"['1', '2']",['3'],2,0,0,,0,1.0,1,,,1.0,,,,,3.0,,"['1', '2']",['3'],2,0,0,,0,1.0
78,Q26,2165,2023-04-07 18:37:33.637703,Saris,2023-04-07 18:37:33.637703,Saris,True,2,,,1.0,['2'],['2'],1,1,,,"['1', '2', '3']",['3'],0,0,1,8.0,0,4.0,2,,,1.0,['2'],['2'],1,1,,,"['1', '2', '3']",['3'],0,0,1,8.0,0,4.0
79,Q26,7744,2023-04-07 18:37:52.873714,Armando,2023-04-07 18:37:52.873714,Armando,True,3,,,,,['1'],,,3.0,,['1'],['3'],2,0,0,,0,,3,,,,,['1'],,,3.0,,['1'],['3'],2,0,0,,0,
80,Q26,3507,2023-04-07 18:37:58.966476,Armando ,2023-04-07 18:37:58.966476,Armando ,True,3,,,,,,,,,,,,,,,,1,,3,,,,,,,,,,,,,,,,1,
81,Q26,5550,2023-04-07 18:38:26.970395,Ely,2023-04-07 18:38:26.970395,Ely,True,2,,1.0,,['2'],,0,1,1.0,,"['1', '2']",['1'],2,0,0,,0,2.0,2,,1.0,,['2'],,0,1,1.0,,"['1', '2']",['1'],2,0,0,,0,2.0
82,Q26,1986,2023-04-07 18:38:48.652428,Ely,2023-04-07 18:38:48.652428,Ely,True,3,,1.0,,['2'],,,1,,,"['3', '2']",['3'],2,0,1,3.0,0,3.0,3,,1.0,,['2'],,,1,,,"['3', '2']",['3'],2,0,1,3.0,0,3.0
83,Q27,9007,2023-04-07 18:45:31.596058,A,2023-04-07 18:45:31.596058,A,True,,,,,,,,,4.0,,"['1', '2', '3']",['2'],2,0,0,,0,,,,,,,,,,4.0,,"['1', '2', '3']",['2'],2,0,0,,0,
84,Q27,31,2023-04-07 18:45:37.783022,A,2023-04-07 18:45:37.783022,A,True,,,,,,,,,2.0,,['3'],['2'],2,0,0,,,,,,,,,,,,2.0,,['3'],['2'],2,0,0,,,
85,Q27,4646,2023-04-07 18:45:48.361162,Ely,2023-04-07 18:45:48.361162,Ely,True,2,,0.0,1.0,['2'],,1,2,,1.0,"['2', '3']",['1'],0,0,1,6.0,0,3.0,2,,0.0,1.0,['2'],,1,2,,1.0,"['2', '3']",['1'],0,0,1,6.0,0,3.0
86,Q26,4646,2023-04-07 18:47:09.525102,Saris,2023-04-07 18:47:09.525102,Saris,True,2,,,1.0,['2'],['2'],1,1,2.0,3.0,"['1', '2', '3']",['3'],2,0,1,9.0,0,4.0,2,,,1.0,['2'],['2'],1,1,2.0,3.0,"['1', '2', '3']",['3'],2,0,1,9.0,0,4.0
87,Q26,4646,2023-04-07 18:47:09.967229,Saris,2023-04-07 18:47:09.967229,Saris,True,2,,,1.0,['2'],['2'],1,1,2.0,3.0,"['1', '2', '3']",['3'],2,0,1,9.0,0,4.0,2,,,1.0,['2'],['2'],1,1,2.0,3.0,"['1', '2', '3']",['3'],2,0,1,9.0,0,4.0
89,Q28,9244,2023-04-07 18:50:33.281291,Armando,2023-04-07 18:50:33.281291,Armando,True,,,,,,,,,,,,,,,,,,,,,,,,,,,,,,,,,,,,
90,Q28,9244,2023-04-07 18:52:39.536736,Armando,2023-04-07 18:52:39.536736,Armando,True,3,,,,,,,,1.0,,,['2'],2,0,0,,0,,3,,,,,,,,1.0,,,['2'],2,0,0,,0,
88,Q26,4646,2023-04-07 18:47:10.304453,Saris,2023-04-07 18:47:10.304453,Saris,True,2,,,1.0,['2'],['2'],1,1,2.0,3.0,"['1', '2', '3']",['3'],2,0,1,9.0,0,4.0,2,,,1.0,['2'],['2'],1,1,2.0,3.0,"['1', '2', '3']",['3'],2,0,1,9.0,0,4.0
92,Q28,1750,2023-04-07 18:53:32.207906,Ely,2023-04-07 18:53:32.207906,Ely,True,1,,,,,,1,,2.0,,"['1', '2']",['3'],1,0,0,,0,,1,,,,,,1,,2.0,,"['1', '2']",['3'],1,0,0,,0,
94,Q28,7483,2023-04-07 18:54:12.803947,Ely,2023-04-07 18:54:12.803947,Ely,True,1,,,1.0,['3'],,,,2.0,,"['1', '3']",['2'],2,0,0,,0,,1,,,1.0,['3'],,,,2.0,,"['1', '3']",['2'],2,0,0,,0,
97,Q29,1881,2023-04-07 19:01:42.609763,Saris,2023-04-07 19:01:42.609763,Saris,True,2,,,,,,,1,4.0,2.0,"['1', '3', '2']",['2'],,0,1,5.0,0,,2,,,,,,,1,4.0,2.0,"['1', '3', '2']",['2'],,0,1,5.0,0,
98,Q30,2083,2023-04-07 19:07:52.771475,A,2023-04-07 19:07:52.771475,A,True,,,,,,,1,1,,2.0,,['1'],2,,,,,0.0,,,,,,,1,1,,2.0,,['1'],2,,,,,0.0
99,Q30,2359,2023-04-07 19:07:56.159397,A,2023-04-07 19:07:56.159397,A,True,2,,,,,,1,2,1.0,,,['1'],2,,,,,,2,,,,,,1,2,1.0,,,['1'],2,,,,,
100,Q31,1209,2023-04-07 19:17:52.882357,A,2023-04-07 19:17:52.882357,A,True,2,,,,,,1,1,3.0,,"['3', '1']",['3'],2,,,,,,2,,,,,,1,1,3.0,,"['3', '1']",['3'],2,,,,,
104,Q32,8086,2023-04-07 19:34:48.952625,Ely,2023-04-07 19:34:48.952625,Ely,True,1,,1.0,,['3'],['2'],1,,,,,['2'],2,0,0,,0,,1,,1.0,,['3'],['2'],1,,,,,['2'],2,0,0,,0,
109,Q38,2333,2023-04-07 20:14:48.606550,A,2023-04-07 20:14:48.606550,A,True,1,,,,,,1,,,,,,,,,,1,,1,,,,,,1,,,,,,,,,,1,
111,Q44,1986,2023-04-07 21:01:06.827891,A,2023-04-07 21:01:06.827891,A,True,1,,,1.0,['3'],['1'],,,1.0,3.0,['1'],['3'],2,,,,,1.0,1,,,1.0,['3'],['1'],,,1.0,3.0,['1'],['3'],2,,,,,1.0
112,Q44,5550,2023-04-07 21:01:23.095159,A,2023-04-07 21:01:23.095159,A,True,2,,1.0,,['2'],['1'],1,2,,,,,,,,,1,,2,,1.0,,['2'],['1'],1,2,,,,,,,,,1,
91,Q28,1750,2023-04-07 18:52:58.536563,Saris,2023-04-07 18:52:58.536563,Saris,True,1,,,,,,1,,,1.0,['3'],['3'],1,0,0,,1,1.0,1,,,,,,1,,,1.0,['3'],['3'],1,0,0,,1,1.0
93,Q28,4523,2023-04-07 18:53:34.807762,Armando ,2023-04-07 18:53:34.807762,Armando ,True,3,,,,,['1'],,2,,,,,2,0,0,,0,,3,,,,,['1'],,2,,,,,2,0,0,,0,
95,Q29,6424,2023-04-07 19:01:22.184338,Armando,2023-04-07 19:01:22.184338,Armando,True,2,,,,,,1,2,,,['1'],['1'],2,0,0,,0,1.0,2,,,,,,1,2,,,['1'],['1'],2,0,0,,0,1.0
96,Q29,8064,2023-04-07 19:01:23.237294,Armando,2023-04-07 19:01:23.237294,Armando,True,3,,,,,,,,,,,,,0,0,,0,,3,,,,,,,,,,,,,0,0,,0,
101,Q31,6832,2023-04-07 19:18:01.805407,A,2023-04-07 19:18:01.805407,A,True,2,,,,,,,2,1.0,1.0,"['1', '2']",['3'],0,,,,,,2,,,,,,,2,1.0,1.0,"['1', '2']",['3'],0,,,,,
102,Q32,2357,2023-04-07 19:31:51.901104,Saris,2023-04-07 19:31:51.901104,Saris,True,2,,,1.0,['2'],['1'],1,2,0.0,2.0,"['2', '3']",['1'],2,0,0,8.0,0,4.0,2,,,1.0,['2'],['1'],1,2,0.0,2.0,"['2', '3']",['1'],2,0,0,8.0,0,4.0
103,Q32,2410,2023-04-07 19:33:21.510663,Ely,2023-04-07 19:33:21.510663,Ely,True,1,1.0,,,['3'],['2'],0,,2.0,1.0,['3'],['2'],2,1,1,5.0,0,,1,1.0,,,['3'],['2'],0,,2.0,1.0,['3'],['2'],2,1,1,5.0,0,
105,Q33,8136,2023-04-07 19:41:20.036995,Ely,2023-04-07 19:41:20.036995,Ely,True,2,,,,,,0,,1.0,,['2'],['2'],2,0,1,1.0,1,,2,,,,,,0,,1.0,,['2'],['2'],2,0,1,1.0,1,
106,Q33,5006,2023-04-07 19:41:47.845857,Ely,2023-04-07 19:41:47.845857,Ely,True,2,,,1.0,['2'],['1'],,2,1.0,,"['2', '3']",['1'],2,0,1,4.0,0,4.0,2,,,1.0,['2'],['1'],,2,1.0,,"['2', '3']",['1'],2,0,1,4.0,0,4.0
107,Q34,4613,2023-04-07 19:49:43.321238,Saris,2023-04-07 19:49:43.321238,Saris,True,3,0.0,,1.0,['2'],['2'],1,,2.0,1.0,"['1', '2', '3']",['3'],2,0,1,9.0,0,3.0,3,0.0,,1.0,['2'],['2'],1,,2.0,1.0,"['1', '2', '3']",['3'],2,0,1,9.0,0,3.0
108,Q34,8191,2023-04-07 19:52:00.744176,Ely,2023-04-07 19:52:00.744176,Ely,True,1,,,,,,0,,,,,,2,0,0,,0,,1,,,,,,0,,,,,,2,0,0,,0,
110,Q38,6026,2023-04-07 20:16:43.184391,A,2023-04-07 20:16:43.184391,A,True,3,,,,,,,,,1.0,"['1', '2']",['2'],0,,,,,3.0,3,,,,,,,,,1.0,"['1', '2']",['2'],0,,,,,3.0
113,Q45,2357,2023-04-07 21:09:34.187402,A,2023-04-07 21:09:34.187402,A,True,2,,1.0,1.0,,['2'],,,,,['3'],['1'],2,0,0,,0,3.0,2,,1.0,1.0,,['2'],,,,,['3'],['1'],2,0,0,,0,3.0
114,Q45,4646,2023-04-07 21:09:37.183784,A,2023-04-07 21:09:37.183784,A,True,2,,,,,,,2,1.0,,,,0,0,0,,0,,2,,,,,,,2,1.0,,,,0,0,0,,0,
115,Q46,2773,2023-04-07 21:18:27.392458,A,2023-04-07 21:18:27.392458,A,True,3,,,,,,,,,,,,1,,,,,,3,,,,,,,,,,,,1,,,,,
116,Q46,3160,2023-04-07 21:18:28.484870,A,2023-04-07 21:18:28.484870,A,True,,,,,,,,,,,,,2,,,,,,,,,,,,,,,,,,2,,,,,
117,Q47,2165,2023-04-07 21:26:29.049766,Ely,2023-04-07 21:26:29.049766,Ely,True,2,,,,,,0,2,,1.0,"['2', '3']",['1'],2,0,0,,0,2.0,2,,,,,,0,2,,1.0,"['2', '3']",['1'],2,0,0,,0,2.0
118,Q47,2352,2023-04-07 21:26:32.763495,A,2023-04-07 21:26:32.763495,A,True,,,,,,,,,,1.0,"['2', '1', '3']",['3'],0,,0,,0,4.0,,,,,,,,,,1.0,"['2', '1', '3']",['3'],0,,0,,0,4.0
119,Q47,8711,2023-04-07 21:26:37.072606,A,2023-04-07 21:26:37.072606,A,True,3,,,1.0,['3'],['2'],1,,,,,,0,0,1,,0,,3,,,1.0,['3'],['2'],1,,,,,,0,0,1,,0,
120,Q47,8191,2023-04-07 21:27:04.586347,Saris ,2023-04-07 21:27:04.586347,Saris ,True,1,0.0,,0.0,[],,0,,2.0,,"['1', '3']",['1'],1,0,0,,0,,1,0.0,,0.0,[],,0,,2.0,,"['1', '3']",['1'],1,0,0,,0,
121,Q47,1750,2023-04-07 21:27:58.908948,Saris,2023-04-07 21:27:58.908948,Saris,True,3,,,,,,0,,3.0,,"['2', '3']",['2'],0,0,0,,0,,3,,,,,,0,,3.0,,"['2', '3']",['2'],0,0,0,,0,
122,Q47,2333,2023-04-07 21:28:16.836814,Ely,2023-04-07 21:28:16.836814,Ely,True,3,,,,,,1,1,,,"['2', '3']",['3'],2,0,0,,0,2.0,3,,,,,,1,1,,,"['2', '3']",['3'],2,0,0,,0,2.0
123,Q48,3507,2023-04-07 21:33:00.543270,A,2023-04-07 21:33:00.543270,A,True,,,,,,,,,,,,['2'],0,,0,0.0,1,,,,,,,,,,,,,['2'],0,,0,0.0,1,
124,Q48,6026,2023-04-07 21:33:01.701492,A,2023-04-07 21:33:01.701492,A,True,,,,,,,,,2.0,,"['1', '3']",['3'],2,0,0,0.0,0,1.0,,,,,,,,,2.0,,"['1', '3']",['3'],2,0,0,0.0,0,1.0
125,Q48,8752,2023-04-07 21:33:17.864078,Saris,2023-04-07 21:33:17.864078,Saris,True,3,,,,,,1,,2.0,,['3'],['2'],,0,0,,1,,3,,,,,,1,,2.0,,['3'],['2'],,0,0,,1,
126,Q48,1806,2023-04-07 21:34:02.335764,Ely,2023-04-07 21:34:02.335764,Ely,True,2,,,1.0,['2'],['2'],,,1.0,,"['2', '3']",['1'],2,0,0,,0,2.0,2,,,1.0,['2'],['2'],,,1.0,,"['2', '3']",['1'],2,0,0,,0,2.0
127,Q48,7744,2023-04-07 21:34:06.415595,Saris,2023-04-07 21:34:06.415595,Saris,True,2,0.0,0.0,,[],[],0,,2.0,1.0,"['3', '2']",['2'],2,0,0,,1,,2,0.0,0.0,,[],[],0,,2.0,1.0,"['3', '2']",['2'],2,0,0,,1,
128,Q48,7483,2023-04-07 21:34:25.759001,Ely,2023-04-07 21:34:25.759001,Ely,True,1,,,1.0,['3'],,1,,1.0,,['2'],,2,0,0,,0,0.0,1,,,1.0,['3'],,1,,1.0,,['2'],,2,0,0,,0,0.0
129,Q49,6424,2023-04-07 21:40:33.147146,Ely,2023-04-07 21:40:33.147146,Ely,True,2,,,1.0,['2'],['1'],1,2,1.0,,"['2', '3', '1']",['3'],2,0,0,4.0,0,4.0,2,,,1.0,['2'],['1'],1,2,1.0,,"['2', '3', '1']",['3'],2,0,0,4.0,0,4.0
130,Q49,2410,2023-04-07 21:40:51.846202,A,2023-04-07 21:40:51.846202,A,True,3,,,,,,1,,5.0,,"['1', '2', '3']",['2'],2,0,0,,0,,3,,,,,,1,,5.0,,"['1', '2', '3']",['2'],2,0,0,,0,
131,Q49,9244,2023-04-07 21:40:52.708050,A,2023-04-07 21:40:52.708050,A,True,1,,,,,['2'],,,1.0,,,['2'],,0,0,,0,,1,,,,,['2'],,,1.0,,,['2'],,0,0,,0,
132,Q49,2341,2023-04-07 21:41:00.005265,Ely,2023-04-07 21:41:00.005265,Ely,True,2,,,,,,0,,1.0,,"['2', '1']",['3'],,0,0,,1,1.0,2,,,,,,0,,1.0,,"['2', '1']",['3'],,0,0,,1,1.0
133,Q49,3163,2023-04-07 21:41:34.727385,Saris ,2023-04-07 21:41:34.727385,Saris ,True,3,,,,,,,,0.0,1.0,['3'],['2'],,1,0,,0,,3,,,,,,,,0.0,1.0,['3'],['2'],,1,0,,0,
134,Q49,8163,2023-04-07 21:41:58.557211,Saris ,2023-04-07 21:41:58.557211,Saris ,True,,,,,,,0,,,,,,,,,,1,,,,,,,,0,,,,,,,,,,1,
135,Q50,1209,2023-04-07 21:46:35.738881,Armando ,2023-04-07 21:46:35.738881,Armando ,True,3,,,,,,,,,,,,0,,,,1,,3,,,,,,,,,,,,0,,,,1,
136,Q50,935,2023-04-07 21:46:45.347458,Armando ,2023-04-07 21:46:45.347458,Armando ,True,3,1.0,,,,['2'],0,,1.0,,"['1', '3']",['2'],2,0,0,,0,2.0,3,1.0,,,,['2'],0,,1.0,,"['1', '3']",['2'],2,0,0,,0,2.0
137,Q50,5013,2023-04-07 21:47:02.132823,Ely,2023-04-07 21:47:02.132823,Ely,True,2,,,1.0,['2'],['2'],0,2,,0.0,['2'],['1'],,0,0,0.0,1,2.0,2,,,1.0,['2'],['2'],0,2,,0.0,['2'],['1'],,0,0,0.0,1,2.0
138,Q50,4646,2023-04-07 21:47:24.791054,Ely,2023-04-07 21:47:24.791054,Ely,True,2,,,1.0,['2'],['2'],0,2,1.0,1.0,"['2', '1']",['1'],2,0,1,4.0,0,2.0,2,,,1.0,['2'],['2'],0,2,1.0,1.0,"['2', '1']",['1'],2,0,1,4.0,0,2.0
139,Q50,5006,2023-04-07 21:48:06.666687,Saris,2023-04-07 21:48:06.666687,Saris,True,1,,,,,,,,2.0,,"['1', '2']",['3'],0,0,1,7.0,0,2.0,1,,,,,,,,2.0,,"['1', '2']",['3'],0,0,1,7.0,0,2.0
140,Q50,3931,2023-04-07 21:49:14.638809,Saris,2023-04-07 21:49:14.638809,Saris,True,1,,1.0,,['1'],['2'],1,,3.0,1.0,"['1', '2']",['2'],0,0,1,7.0,0,,1,,1.0,,['1'],['2'],1,,3.0,1.0,"['1', '2']",['2'],0,0,1,7.0,0,
141,Q51,1986,2023-04-07 22:03:10.347056,Ely,2023-04-07 22:03:10.347056,Ely,True,3,,,1.0,['1'],['2'],0,,1.0,,['2'],['1'],2,0,0,,0,1.0,3,,,1.0,['1'],['2'],0,,1.0,,['2'],['1'],2,0,0,,0,1.0
146,Q52,2395,2023-04-07 22:11:41.429282,Ely,2023-04-07 22:11:41.429282,Ely,True,2,,1.0,,['2'],,0,2,,1.0,['2'],['1'],,0,0,,0,,2,,1.0,,['2'],,0,2,,1.0,['2'],['1'],,0,0,,0,
148,Q53,5550,2023-04-07 22:18:55.943243,A,2023-04-07 22:18:55.943243,A,True,,,,,,,,2,1.0,,['1'],['3'],2,0,0,,0,2.0,,,,,,,,2,1.0,,['1'],['3'],2,0,0,,0,2.0
149,Q53,8064,2023-04-07 22:19:18.426040,Ely,2023-04-07 22:19:18.426040,Ely,True,1,,,,,,0,,,2.0,"['2', '3']",['1'],2,0,0,,0,,1,,,,,,0,,,2.0,"['2', '3']",['1'],2,0,0,,0,
150,Q53,8711,2023-04-07 22:19:22.919074,Ely,2023-04-07 22:19:22.919074,Ely,True,1,,,1.0,['3'],['2'],0,,1.0,1.0,"['2', '1']",['2'],,0,1,1.0,0,,1,,,1.0,['3'],['2'],0,,1.0,1.0,"['2', '1']",['2'],,0,1,1.0,0,
152,Q54,6809,2023-04-07 22:26:28.628435,A,2023-04-07 22:26:28.628435,A,True,3,,,,,,1,,4.0,1.0,,,2,,,,,,3,,,,,,1,,4.0,1.0,,,2,,,,,
155,Q55,4005,2023-04-07 22:38:29.691439,Ely,2023-04-07 22:38:29.691439,Ely,True,2,,1.0,,['2'],,0,,2.0,,"['3', '2']",['2'],1,0,0,,0,2.0,2,,1.0,,['2'],,0,,2.0,,"['3', '2']",['2'],1,0,0,,0,2.0
157,Q55,2357,2023-04-07 22:38:33.379510,A,2023-04-07 22:38:33.379510,A,True,,,,,,,,,4.0,,"['1', '3']",['2'],1,0,0,,0,,,,,,,,,,4.0,,"['1', '3']",['2'],1,0,0,,0,
160,Q56,6026,2023-04-07 22:45:39.273296,A,2023-04-07 22:45:39.273296,A,True,2,,,,,,,,,,,['2'],2,,,,,3.0,2,,,,,,,,,,,['2'],2,,,,,3.0
161,Q56,2410,2023-04-07 22:46:11.537018,Ely,2023-04-07 22:46:11.537018,Ely,True,2,,,,,,,2,2.0,,['3'],['2'],2,1,0,,0,,2,,,,,,,2,2.0,,['3'],['2'],2,1,0,,0,
165,Q57,1561,2023-04-07 22:54:43.701851,Ely,2023-04-07 22:54:43.701851,Ely,True,2,,,,,,0,2,6.0,,"['2', '3', '1']",['2'],2,0,1,3.0,0,,2,,,,,,0,2,6.0,,"['2', '3', '1']",['2'],2,0,1,3.0,0,
142,Q51,2773,2023-04-07 22:03:45.677499,Ely,2023-04-07 22:03:45.677499,Ely,True,1,,,1.0,['3'],['1'],0,,,1.0,['2'],['1'],,0,0,,0,,1,,,1.0,['3'],['1'],0,,,1.0,['2'],['1'],,0,0,,0,
143,Q52,8086,2023-04-07 22:09:41.492461,A,2023-04-07 22:09:41.492461,A,True,3,1.0,,,['1'],['2'],1,,,,,,1,,,,,,3,1.0,,,['1'],['2'],1,,,,,,1,,,,,
144,Q52,1750,2023-04-07 22:09:42.464633,A,2023-04-07 22:09:42.464633,A,True,1,1.0,,,['1'],['1'],,,1.0,,,,,,,,1,,1,1.0,,,['1'],['1'],,,1.0,,,,,,,,1,
145,Q52,2352,2023-04-07 22:11:10.051354,Ely,2023-04-07 22:11:10.051354,Ely,True,2,,,1.0,['2'],['2'],0,,1.0,,['2'],['1'],2,0,0,,0,2.0,2,,,1.0,['2'],['2'],0,,1.0,,['2'],['1'],2,0,0,,0,2.0
147,Q53,3179,2023-04-07 22:18:49.817526,A,2023-04-07 22:18:49.817526,A,True,,,,,,,1,,1.0,,['3'],,1,0,0,,0,,,,,,,,1,,1.0,,['3'],,1,0,0,,0,
151,Q54,2165,2023-04-07 22:26:27.310734,A,2023-04-07 22:26:27.310734,A,True,1,,,,,,1,,,,,,2,,,,,1.0,1,,,,,,1,,,,,,2,,,,,1.0
153,Q54,6832,2023-04-07 22:30:44.199342,Ely,2023-04-07 22:30:44.199342,Ely,True,2,1.0,,,['2'],['2'],0,,1.0,2.0,"['2', '3']",['2'],2,0,0,,0,0.0,2,1.0,,,['2'],['2'],0,,1.0,2.0,"['2', '3']",['2'],2,0,0,,0,0.0
154,Q54,8191,2023-04-07 22:32:05.961525,Ely,2023-04-07 22:32:05.961525,Ely,True,1,,,,,,0,,,,,,2,0,0,,1,,1,,,,,,0,,,,,,2,0,0,,1,
156,Q55,2333,2023-04-07 22:38:32.205790,A,2023-04-07 22:38:32.205790,A,True,,,,,,,,,,,"['1', '2', '3']",['1'],1,0,0,,0,4.0,,,,,,,,,,,"['1', '2', '3']",['1'],1,0,0,,0,4.0
158,Q55,8136,2023-04-07 22:38:51.935811,Ely,2023-04-07 22:38:51.935811,Ely,True,2,,,,,,0,2,,,,,,0,0,,1,,2,,,,,,0,2,,,,,,0,0,,1,
159,Q56,5006,2023-04-07 22:45:38.534217,A,2023-04-07 22:45:38.534217,A,True,1,,,,,,,,2.0,,['1'],['2'],0,,,,,,1,,,,,,,,2.0,,['1'],['2'],0,,,,,
162,Q56,3163,2023-04-07 22:47:15.216850,Ely,2023-04-07 22:47:15.216850,Ely,True,1,,,,,,0,,1.0,,['1'],['2'],,0,0,,0,,1,,,,,,0,,1.0,,['1'],['2'],,0,0,,0,
163,Q57,8086,2023-04-07 22:54:17.344884,Armando ,2023-04-07 22:54:17.344884,Armando ,True,3,,1.0,,,['2'],,,1.0,,,,0,0,1,6.0,0,,3,,1.0,,,['2'],,,1.0,,,,0,0,1,6.0,0,
164,Q57,9244,2023-04-07 22:54:17.739670,Armando,2023-04-07 22:54:17.739670,Armando,True,2,,1.0,,[],['2'],,,,,,,,0,1,4.0,1,,2,,1.0,,[],['2'],,,,,,,,0,1,4.0,1,
166,Q57,3931,2023-04-07 22:55:46.731559,Ely,2023-04-07 22:55:46.731559,Ely,True,2,,,,,,,2,2.0,1.0,['1'],['2'],,0,0,,0,,2,,,,,,,2,2.0,1.0,['1'],['2'],,0,0,,0,